timestamp,class_name,class_int,image_path,brightness_mean,brightness_std,contrast,sharpness,r_mean,g_mean,b_mean,r_std,g_std,b_std,saturation_mean,value_mean,edge_density,aspect_ratio,size_pixels
2026-01-21T13:13:54.617475+00:00,bird,1,bird/singleBirdinsky34.jpeg,198.1307302533532,21.790492704235877,21.790492704235877,328.0928958870175,187.62360655737706,200.29675111773471,214.55928464977646,21.579869718265776,21.892656116361593,23.17267193859865,32.70016890213611,214.75300546448088,0.010134128166915052,1.5027322404371584,50325.0
2026-01-21T13:13:54.619031+00:00,bird,1,bird/singleBirdinsky57.jpeg,165.89885677993013,37.36172680704915,37.36172680704915,1364.0440539284525,115.74908701174976,178.97205462051446,230.14258494760242,60.402154033878716,31.624416775062386,25.936885093828128,129.66128135916165,230.63018021594158,0.035983645601778344,1.425531914893617,50384.0
2026-01-21T13:13:54.620375+00:00,bird,1,bird/singleBirdinsky259.jpeg,219.8889352237976,27.562291777165143,27.562291777165143,588.8732860703384,208.00333611342785,224.09259700544104,228.83144684062114,31.094015982635177,26.983386847032353,29.082468434244465,26.4482703840502,229.87124190793915,0.0188450693037849,0.9437229437229437,50358.0
2026-01-21T13:13:54.621629+00:00,bird,1,bird/singleBirdinsky160.jpeg,125.73444610034774,19.66314086172751,19.66314086172751,72.88221288144695,119.09041231992052,124.83980129160457,146.07566815697965,19.32143386850751,19.697427328925457,20.917265574613037,47.68935916542474,146.0757476403378,0.0018479880774962742,1.5027322404371584,50325.0
2026-01-21T13:13:54.622988+00:00,bird,1,bird/singleBirdinsky257.jpeg,144.66706408345752,24.909302207954354,24.909302207954354,202.58821339939178,107.56854446100348,153.59338301043218,195.973174366617,38.112290180588396,21.69594173252345,12.076594257912372,116.28572280178838,195.973174366617,0.015201192250372579,1.5027322404371584,50325.0
2026-01-21T13:13:54.624280+00:00,bird,1,bird/singleBirdinsky182.jpeg,162.97233610635672,39.75353644816884,39.75353644816884,414.64073915274867,140.48748159057436,164.57731958762886,213.71163873741193,37.74398810432403,41.67193773185917,40.16950287202071,91.35756080085977,214.4689527524579,0.018090992317796442,1.3350515463917525,50246.0
2026-01-21T13:13:54.625583+00:00,bird,1,bird/singleBirdinsky335.jpeg,152.8356058657062,35.62960051420966,35.62960051420966,1320.6195517561266,101.8292929093032,171.62672418911163,189.84108764916587,50.38236993263031,35.031902013279925,35.5293802536774,126.61285151689061,194.52257030337813,0.020878272743464408,1.7692307692307692,50531.0
2026-01-21T13:13:54.641010+00:00,drone,0,drone/167.JPEG,205.92280127879403,70.74810000252207,70.74810000252207,67.03348994222603,204.92409912771004,206.86171133976964,203.33833100440378,69.3726799352603,70.39506218597667,77.66065397978204,24.230683646680216,210.7713668699187,0.005055894308943089,1.7344173441734418,944640.0
2026-01-21T13:13:54.679273+00:00,drone,0,drone/258.JPEG,113.09393491972477,56.690198643471064,56.690198643471064,1250.3906163444206,114.084092603211,117.4056001529052,88.20234852828746,55.88825731603401,57.1553030776651,62.417529929932236,79.20000047782875,121.0341184059633,0.12550984327217127,1.761467889908257,2092800.0
2026-01-21T13:13:54.694457+00:00,bird,1,bird/singleBirdinsky17.jpeg,188.9322825062814,35.691673175691356,35.691673175691356,119.99805821727182,209.1095045540201,186.45033369974874,148.82885128768845,49.268298396377645,32.75235590271664,19.999885292530546,75.75623724089196,211.89997153737437,0.0004112358668341709,1.6080402010050252,1018880.0
2026-01-21T13:13:54.696157+00:00,bird,1,bird/singleBirdinsky83.jpeg,121.74322334116148,37.60398076340087,37.60398076340087,78.74805329311847,166.50515463917526,116.96706205469093,28.581021374835807,39.612425997097944,39.329708693344855,25.034807461676557,217.66017195398638,166.5056919953827,0.0023882498109302234,1.3350515463917525,50246.0
2026-01-21T13:13:54.697469+00:00,bird,1,bird/singleBirdinsky223.jpeg,121.28375558867363,13.419452608058396,13.419452608058396,210.311702314094,76.2169696969697,136.14465971187283,163.13911574764035,14.949830263108453,13.980952820692071,15.213611346641928,135.99914555389967,163.19147540983607,0.011326378539493294,0.6654545454545454,50325.0
2026-01-21T13:13:54.698669+00:00,bird,1,bird/singleBirdinsky200.jpeg,193.58601092896174,10.695082881767146,10.695082881767146,95.30392448449213,184.84572280178838,196.21818181818182,202.83378042722305,16.77850101204778,9.417045314047444,5.83921779406897,26.07298559364133,204.3099652260308,0.0013313462493790363,1.5027322404371584,50325.0
2026-01-21T13:13:54.700172+00:00,drone,0,drone/singleDronesinsky366.jpeg,147.95315904139434,35.927945601250556,35.927945601250556,1141.0438780027037,132.6343632402456,152.54404832640128,164.75642701525055,39.19015477045767,38.12513315524305,52.58070681950003,82.53572984749455,177.14709843533373,0.05698158051099227,1.7470588235294118,50490.0
2026-01-21T13:13:54.739275+00:00,drone,0,drone/75.JPEG,118.54081746419271,51.04813566365963,51.04813566365963,77.0337292200789,121.65375813802083,126.42886271158854,69.67973592122395,51.12895140156186,51.43657751900888,58.92498729138843,129.55850179036457,128.1220878092448,0.00718017578125,1.5,2457600.0
2026-01-21T13:13:54.769821+00:00,drone,0,drone/3.JPEG,149.12153813073394,73.85231784121768,73.85231784121768,77.60159021267818,144.09193233944953,157.19519973241592,120.72154290902141,79.64482712313472,67.59006159844049,92.54903016193796,87.83766532874618,158.70897410168195,0.005077408256880734,1.761467889908257,2092800.0
2026-01-21T13:13:54.804191+00:00,drone,0,drone/275.JPEG,95.77335626911315,58.609221346208415,58.609221346208415,217.83336138303125,96.48921779434251,98.8145126146789,78.28612576452599,59.25643530896359,61.81690061817173,56.899414731295785,84.02677704510704,108.64485426223241,0.07178277905198777,1.761467889908257,2092800.0
2026-01-21T13:13:54.805700+00:00,bird,1,bird/singleBirdinsky379.jpeg,94.39803839815752,8.18358326932949,8.18358326932949,81.16925745806844,78.6318025691425,94.66906903329561,135.00567832112296,7.39740220127523,8.50258334006679,11.313227979910707,106.33919034288324,135.0417733833661,0.005757738201600254,1.8957055214723926,50367.0
2026-01-21T13:13:54.807096+00:00,drone,0,drone/singleDronesinsky90.jpeg,164.74272655007948,60.5259922187184,60.5259922187184,1118.848671635081,155.28553259141495,165.32545707472178,186.6037957074722,62.862964728163114,63.469615646259655,51.67556970823355,64.79155405405406,191.81830286168523,0.046303656597774245,1.4702702702702704,50320.0
2026-01-21T13:13:54.839148+00:00,drone,0,drone/38.JPEG,138.67738340978593,58.7915284543662,58.7915284543662,187.8920618296148,131.16419772553516,148.93467555428134,105.05666093272171,63.43960656270604,53.89425657557365,75.91264889593847,96.48047591743119,150.63443568425078,0.027547782874617736,1.761467889908257,2092800.0
2026-01-21T13:13:54.840754+00:00,bird,1,bird/singleBirdinsky72.jpeg,161.23476915754404,56.544376168943096,56.544376168943096,3780.539610971483,163.3834285260987,160.18879898461051,160.60108281770584,68.28620248369756,53.981089729855455,51.82668320888117,41.22453593526892,174.69201174044105,0.062470252260828175,1.382198952879581,50424.0
2026-01-21T13:13:54.928057+00:00,drone,0,drone/217.JPEG,135.18695386191953,52.46642412156816,52.46642412156816,94.09746125856434,137.52777714882797,136.1020557014719,124.26806343839311,48.038697287537694,52.727365583998875,69.22586644299746,65.93680396221605,147.6854152410471,0.014817428450670208,1.7777777777777777,4769856.0
2026-01-21T13:13:54.942598+00:00,drone,0,drone/video14_120.JPEG,163.27808702256945,56.68785316895281,56.68785316895281,90.38770007733828,160.28641710069445,168.0169021267361,146.68176432291668,54.949512365942304,55.47647733455859,74.3451136260094,54.71628689236111,172.24601996527778,0.012213541666666666,1.7777777777777777,921600.0
2026-01-21T13:13:55.081911+00:00,drone,0,drone/95.JPEG,129.38739167240587,42.63891443760001,42.63891443760001,167.3293046456615,128.40518238732017,130.37672224135292,126.79596342209979,40.70579712958254,43.257322623754135,45.89631287783156,19.703520168541477,132.87250248699112,0.033638228879706154,1.7630853994490359,8363520.0
2026-01-21T13:13:55.087154+00:00,drone,0,drone/268.JPEG,104.9693440146165,40.545623623859896,40.545623623859896,145.01368537892506,83.99027616738695,108.19322933136573,143.54664277432275,47.957886663036824,39.506113416402684,33.529011617801316,116.8658954358596,144.97280928287833,0.013799585397561575,1.776536312849162,227688.0
2026-01-21T13:13:55.120364+00:00,drone,0,drone/159.JPEG,140.49542956804282,62.63391266412524,62.63391266412524,315.7119045299843,136.3715768348624,145.04211869266055,128.17894590978594,67.30469215900996,58.09549403756136,77.09357678791822,59.46458858944954,147.4456560588685,0.009669820336391438,1.761467889908257,2092800.0
2026-01-21T13:13:55.150440+00:00,drone,0,drone/188.JPEG,120.27862003058104,65.57557214514381,65.57557214514381,22.17270544742306,121.17702599388379,118.91975105122324,125.13483992737002,66.2539078077243,65.37077763943891,65.61804012211064,33.04408209097859,126.7752948203364,0.004079224006116208,1.761467889908257,2092800.0
2026-01-21T13:13:55.152193+00:00,bird,1,bird/singleBirdinsky387.jpeg,135.97051992138645,32.79752171746882,32.79752171746882,1413.515040711741,149.11309630159013,130.05409644055348,132.76912234728923,33.76577177886626,32.42416347373946,32.369152492629766,35.88360828221468,149.11309630159013,0.03513787147876839,1.3523316062176165,50373.0
2026-01-21T13:13:55.167350+00:00,drone,0,drone/1.JPEG,111.15819116967175,26.050295068382034,26.050295068382034,130.42256356550476,89.45016643550625,114.02573046694405,153.3066296809986,31.006683942611563,25.848284933692288,33.07498430314019,111.01625751271382,155.86537910309755,0.015985899214054553,1.6643550624133148,865200.0
2026-01-21T13:13:55.168946+00:00,bird,1,bird/singleBirdinsky312.jpeg,108.80459016393442,24.047481735880346,24.047481735880346,444.90770849883114,84.6382911077993,112.84343765524093,151.5194436164928,28.552201193711237,23.199880708399494,18.0311119457846,115.81901639344262,151.55368107302533,0.03888723298559364,1.5027322404371584,50325.0
2026-01-21T13:13:55.170447+00:00,bird,1,bird/singleBirdinsky398.jpeg,151.32872329855937,58.273213489918064,58.273213489918064,543.3909284435077,143.38932935916543,152.6665871833085,165.22684550422255,64.22158716290126,58.2198547632227,45.226946043478854,50.734465971187284,168.29601589667163,0.09386984600099355,1.5027322404371584,50325.0
2026-01-21T13:13:55.203167+00:00,drone,0,drone/257.JPEG,110.46075879204894,47.45090403610025,47.45090403610025,70.09671914453384,119.67394113149847,110.56527761850153,85.75749713302753,42.060189876704364,47.378275488446484,73.56267467277421,126.8757616590214,129.7941236620795,0.052715022935779815,1.761467889908257,2092800.0
2026-01-21T13:13:55.205076+00:00,bird,1,bird/singleBirdinsky351.jpeg,94.60637853949329,43.11043035294212,43.11043035294212,35.72518722254674,94.60637853949329,94.60637853949329,94.60637853949329,43.11043035294212,43.11043035294212,43.11043035294212,0.0,94.60637853949329,0.00288127173373075,1.5027322404371584,50325.0
2026-01-21T13:13:55.239913+00:00,drone,0,drone/35.JPEG,129.91914181957188,44.34457517086647,44.34457517086647,141.00618837060907,123.58703937308869,140.01567756116208,94.51650277140672,43.32553850251435,46.71323542146586,43.68713619263206,85.68555093654435,141.3225310588685,0.03505972859327217,1.761467889908257,2092800.0
2026-01-21T13:13:55.241417+00:00,bird,1,bird/singleBirdinsky131.jpeg,114.19572776949826,20.44062856675602,20.44062856675602,65.14649655569646,107.54235469448584,113.4883258817685,133.6501341281669,19.72197665193546,20.500481324947142,22.268758470268303,50.39429706905117,133.65017386984601,0.0017883755588673621,1.5027322404371584,50325.0
2026-01-21T13:13:55.242891+00:00,drone,0,drone/singleDronesinsky372.jpeg,81.82783730158731,35.25426551481966,35.25426551481966,620.7372270939626,80.82011904761904,83.87400793650794,73.49339285714285,35.389404409092165,36.0126377592768,32.86520081483805,33.203670634920634,84.2845634920635,0.09309523809523809,1.7857142857142858,50400.0
2026-01-21T13:13:55.244367+00:00,bird,1,bird/singleBirdinsky69.jpeg,124.15291810293593,61.4868699819786,61.4868699819786,2977.9831131923092,100.97384999405682,131.9840326478862,144.82255636118705,48.725083386080215,64.50963792982934,88.80977685893669,115.2446412298427,154.46626253021117,0.0927730892666112,1.5754189944134078,50478.0
2026-01-21T13:13:55.245693+00:00,bird,1,bird/singleBirdinsky397.jpeg,117.83497267759563,25.288204809664283,25.288204809664283,274.9213664879229,86.65283656234476,125.05386984600099,162.58134128166915,35.00231819945546,23.587539107955898,13.991315367119899,121.53295578738202,162.63918529557873,0.026646795827123697,1.5027322404371584,50325.0
2026-01-21T13:13:55.247007+00:00,drone,0,drone/singleDronesinsky26.jpeg,79.66210781971651,75.04247429715252,75.04247429715252,1172.2902495726091,78.87452221691352,79.03627169931518,85.55842888995063,74.10157300748568,74.94397810986811,77.41736812490261,32.78567447045708,85.5976867335563,0.03268832616658704,1.7797619047619047,50232.0
2026-01-21T13:13:55.248336+00:00,bird,1,bird/singleBirdinsky349.jpeg,124.15291810293593,61.4868699819786,61.4868699819786,2977.9831131923092,100.97384999405682,131.9840326478862,144.82255636118705,48.725083386080215,64.50963792982934,88.80977685893669,115.2446412298427,154.46626253021117,0.0927730892666112,1.5754189944134078,50478.0
2026-01-21T13:13:55.249549+00:00,bird,1,bird/singleBirdinsky198.jpeg,148.09335320417287,23.693685839619867,23.693685839619867,27.864925533362502,165.25555886736214,143.6246398410333,126.10008941877794,35.86418944571658,21.958976087958597,8.453127064604262,58.802305017386985,166.89555886736215,0.00027819175360158967,1.5027322404371584,50325.0
2026-01-21T13:13:55.250718+00:00,bird,1,bird/singleBirdinsky353.jpeg,204.37152362738067,24.136049748032438,24.136049748032438,1002.0139414321422,225.82231651924457,201.4537214120647,162.87419316280182,27.78175959598324,25.206538460065094,37.25407541928676,69.14415491274205,225.96123197067496,0.01330783329348952,1.4202127659574468,50196.0
2026-01-21T13:13:55.252144+00:00,bird,1,bird/singleBirdinsky330.jpeg,153.0415823513074,36.531064659334255,36.531064659334255,2757.588863773144,129.82291790659843,158.25568384716107,187.1110383684482,42.99719924673018,34.831955758738104,35.52231930483179,83.3739237392374,187.11976748799745,0.03198031980319803,1.456989247311828,50406.0
2026-01-21T13:13:55.283645+00:00,drone,0,drone/289.JPEG,136.5667631880734,57.95046518529432,57.95046518529432,53.780791762111626,143.81015768348624,133.65906488914374,132.72417048929663,48.16481345539528,62.951297474722075,67.17569762904981,57.13406727828746,150.35378965978595,0.009816991590214067,1.761467889908257,2092800.0
2026-01-21T13:13:55.316341+00:00,drone,0,drone/9.JPEG,116.73114296636085,30.7522916265413,30.7522916265413,82.83691469393443,108.73639143730887,130.66778621941896,66.10142297400611,33.83813678900427,31.072448151662982,27.865960947217346,127.34148365825688,130.7231054090214,0.0434881498470948,1.761467889908257,2092800.0
2026-01-21T13:13:55.317922+00:00,bird,1,bird/singleBirdinsky318.jpeg,161.60464195183778,9.067557176794518,9.067557176794518,265.9270647094636,127.10064163498099,169.0404784537389,215.4666904309252,7.744786129984767,9.474944928250967,12.900376579174806,104.49485107731306,215.48063212927758,0.008297686945500633,1.3697916666666667,50496.0
2026-01-21T13:13:55.331335+00:00,drone,0,drone/214.JPEG,166.606905276084,63.39211024822134,63.39211024822134,74.29331807219988,163.36933646680217,168.71346650575882,164.42544461382113,65.43751522448866,61.35668121799084,70.74808150771898,29.63369537601626,172.99801194105692,0.00938452743902439,1.7344173441734418,944640.0
2026-01-21T13:13:55.332771+00:00,bird,1,bird/singleBirdinsky164.jpeg,189.8282967032967,16.01276071496736,16.01276071496736,92.67988802699223,150.24165870361523,198.43390667303711,249.5794314381271,11.703270710771708,17.329711242412294,23.621050667793323,100.5886287625418,249.6014691829909,0.008998248128682912,1.7797619047619047,50232.0
2026-01-21T13:13:55.334376+00:00,drone,0,drone/singleDronesinsky248.jpeg,161.12786885245902,36.1348119292619,36.1348119292619,743.5894678848783,149.7224043715847,162.57828117237952,183.70708395429708,32.00847999571033,37.00132108148156,47.28997106816439,56.495737704918035,186.75821162444115,0.027183308494783905,1.5027322404371584,50325.0
2026-01-21T13:13:55.335684+00:00,drone,0,drone/singleDronesinsky21.jpeg,153.96656450264697,52.95962203849555,52.95962203849555,1250.9665908966906,150.88154280937786,155.36040679855114,154.67056084066394,54.59910250037362,52.85450314996642,49.77414255172513,22.884428611232735,158.07317995462324,0.030111849699478565,1.3350515463917525,50246.0
2026-01-21T13:13:55.346498+00:00,drone,0,drone/singleDronesinsky14.jpeg,117.12489027777778,25.43809410284472,25.43809410284472,158.64558471550734,76.70669444444444,126.25805416666667,174.80060694444444,37.39185457446243,23.529655897572685,22.577511596927508,146.30185277777778,176.02927916666667,0.013120833333333333,2.0,720000.0
2026-01-21T13:13:55.348062+00:00,bird,1,bird/singleBirdinsky103.jpeg,151.31453551912568,46.774982850993496,46.774982850993496,319.61043431544937,120.18730253353205,159.62964729259812,190.25301539990065,58.71294427856858,42.874961947178114,37.88529117913744,106.34070541480378,190.2656135121709,0.023686040735221063,1.5027322404371584,50325.0
2026-01-21T13:13:55.349476+00:00,drone,0,drone/singleDronesinsky326.jpeg,167.35552913198572,47.2452850569704,47.2452850569704,799.1123128851506,146.7958779231074,167.88799048751486,218.58864447086802,47.98006578873893,48.360848207641816,48.7239598823084,89.90814506539833,219.1140903686088,0.03585017835909631,1.6666666666666667,50460.0
2026-01-21T13:13:55.385064+00:00,drone,0,drone/163.JPEG,61.07405150993884,55.916111400703315,55.916111400703315,1143.2610606879762,51.877326548165136,69.11755064984709,44.018145546636084,53.40354930368482,57.26819623793166,59.506198248019196,148.17550506498472,70.7016504204893,0.179226873088685,1.761467889908257,2092800.0
2026-01-21T13:13:55.386479+00:00,bird,1,bird/singleBirdinsky48.jpeg,86.3556482861401,11.950181907816255,11.950181907816255,496.97589477003555,36.34438152011923,92.97506209637358,183.3298559364133,12.8861532788639,12.179545778831725,16.806013632527563,204.4278787878788,183.39290611028315,0.038350720317933434,1.5027322404371584,50325.0
2026-01-21T13:13:55.387828+00:00,bird,1,bird/singleBirdinsky127.jpeg,123.42479880774962,26.45467950254685,26.45467950254685,83.6151696141005,140.9238350720318,119.6824043715847,96.7305911574764,31.957922242151348,26.25040973600068,24.304985231472525,75.61935419771486,141.01506209637358,0.0038152011922503726,1.5027322404371584,50325.0
2026-01-21T13:13:55.389083+00:00,bird,1,bird/singleBirdinsky227.jpeg,172.63487332339793,30.880749046058646,30.880749046058646,256.92318465730324,185.28051664182811,171.24635866865376,146.6400397416791,41.987058528623876,29.734817253238297,22.226310281995197,68.14620963735717,190.68117237953302,0.0032389468455042226,1.5027322404371584,50325.0
2026-01-21T13:13:55.406802+00:00,bird,1,bird/singleBirdinsky12.jpeg,127.5295162294353,29.83494868488362,29.83494868488362,165.46175783849705,216.37023566029347,105.89867229879947,6.056336149399733,39.20210963129773,32.87616453048365,21.593339369300267,248.21502623388173,216.38984526456204,0.020137839039573145,1.5028901734104045,1124500.0
2026-01-21T13:13:55.408385+00:00,bird,1,bird/singleBirdinsky215.jpeg,177.25810153127844,36.84958931880363,36.84958931880363,1559.9252524620047,135.2986982154869,195.91587860562655,190.32273572587346,35.30755663957638,41.07755512050272,39.290252465847715,81.04180350571757,197.10855458394335,0.05719542594864084,1.2763819095477387,50546.0
2026-01-21T13:13:55.409880+00:00,bird,1,bird/singleBirdinsky360.jpeg,183.32737388136533,9.97465294888466,9.97465294888466,52.51904358849591,153.65094638473113,194.71905440722261,202.97168765344105,12.776325808441005,10.049561768194915,10.714479065293828,62.04413162271323,203.03205432802724,0.0016235051872970619,1.5081967213114753,50508.0
2026-01-21T13:13:55.411391+00:00,bird,1,bird/singleBirdinsky96.jpeg,188.11513406156902,39.72141257606076,39.72141257606076,629.6587038693398,171.8603376365442,189.19503475670308,225.20579940417082,51.943953046323436,40.3517347544062,26.862253174523435,70.45334657398213,226.47668321747764,0.013465739821251241,1.394736842105263,50350.0
2026-01-21T13:13:55.412963+00:00,drone,0,drone/singleDronesinsky353.jpeg,163.95103825136613,44.21187872880184,44.21187872880184,1248.6710634372853,154.41321410829607,165.74312965722802,179.98650769995032,50.39453092741609,43.18622400841382,40.18678392655016,39.81426726279185,180.10722305017387,0.03479384003974168,1.5027322404371584,50325.0
2026-01-21T13:13:55.414426+00:00,bird,1,bird/singleBirdinsky222.jpeg,176.3721442170395,49.31506022380168,49.31506022380168,10852.903905962636,167.05134459781056,177.0196136760273,196.94474853244486,58.4902331237595,46.968395925466815,47.762464922549555,44.57256465175313,196.96095113438045,0.12319530382357607,1.382198952879581,50424.0
2026-01-21T13:13:55.415801+00:00,drone,0,drone/singleDronesinsky381.jpeg,208.2018082463984,27.14919586789295,27.14919586789295,772.3657158172821,207.87175360158966,208.1455737704918,209.72047690014904,27.79547840792416,27.08522859565037,25.957828518043815,3.740447093889717,209.7459910581222,0.02062593144560358,1.5027322404371584,50325.0
2026-01-21T13:13:55.416909+00:00,bird,1,bird/singleBirdinsky25.jpeg,208.0689915548932,19.115546616056502,19.115546616056502,296.47647432908155,208.0689915548932,208.0689915548932,208.0689915548932,19.115546616056502,19.115546616056502,19.115546616056502,0.0,208.0689915548932,0.0024242424242424242,1.5027322404371584,50325.0
2026-01-21T13:13:55.418165+00:00,bird,1,bird/singleBirdinsky270.jpeg,186.04931942374566,29.236435355458347,29.236435355458347,270.8801594429057,186.04931942374566,186.04931942374566,186.04931942374566,29.236435355458347,29.236435355458347,29.236435355458347,0.0,186.04931942374566,0.015936413313462496,1.5027322404371584,50325.0
2026-01-21T13:13:55.419384+00:00,drone,0,drone/singleDronesinsky286.jpeg,85.0741778440139,14.645048938209436,14.645048938209436,106.75533757214961,54.12669647292598,91.93400894187779,130.91737704918032,20.94055275755928,13.097165135976024,14.16152961682938,151.27372081470443,131.0604470938897,0.0035767511177347243,1.5027322404371584,50325.0
2026-01-21T13:13:55.452988+00:00,drone,0,drone/115.JPEG,107.19318998470948,56.199133268696805,56.199133268696805,146.16535443266895,111.50925745412844,111.94939506880733,71.38700019113149,58.19792150080285,55.356113757986265,62.389449036465905,116.7428932530581,116.2040261850153,0.050141437308868504,1.761467889908257,2092800.0
2026-01-21T13:13:55.454641+00:00,bird,1,bird/singleBirdinsky176.jpeg,153.05365126676602,27.460366288038088,27.460366288038088,83.18754096425889,108.36196721311475,161.71978142076503,226.0526179831098,44.45108977428035,22.852885892017106,13.354304918733442,133.88902136115252,226.08939890710383,0.0040735221063089916,1.5027322404371584,50325.0
2026-01-21T13:13:55.582518+00:00,drone,0,drone/137.JPEG,129.37565510694063,42.555427300908825,42.555427300908825,146.1113916110282,128.45145608547597,130.37988645928988,126.50621843434344,40.616397577690286,43.16117415516189,45.92468091581589,20.270772473790938,132.89369212962964,0.033888004093970005,1.7630853994490359,8363520.0
2026-01-21T13:13:55.584894+00:00,bird,1,bird/singleBirdinsky289.jpeg,65.03462329851219,41.73439590486193,41.73439590486193,1842.3330555139694,69.72154954099399,60.54645457423235,75.9454336815448,47.03146006829289,48.063080723623315,29.763719302971474,145.78937163659387,94.22873140234252,0.10026907249129471,0.9230769230769231,50544.0
2026-01-21T13:13:55.613679+00:00,drone,0,drone/278.JPEG,130.8009207759939,6.941887922251939,6.941887922251939,2.2830418577981653,127.64396788990825,129.51499856651375,145.55604835626912,8.039093279839827,6.934810351759302,9.493851665052949,33.11008123088685,145.63907014525995,0.0004161888379204893,1.761467889908257,2092800.0
2026-01-21T13:13:55.627038+00:00,drone,0,drone/video18_665.JPEG,154.99027452256945,33.57836675935643,33.57836675935643,207.75118598056252,142.01645941840277,159.18502278645835,167.57998046875,38.64492476087008,32.32478475556857,32.61720680121931,45.934376085069445,169.37865342881943,0.027299262152777778,1.7777777777777777,921600.0
2026-01-21T13:13:55.628552+00:00,bird,1,bird/singleBirdinsky356.jpeg,134.05661202185792,9.485921497342533,9.485921497342533,302.4253498781517,76.54992548435172,143.66752111276702,236.0087431693989,10.79367978692549,9.68554673029128,10.071616532259632,172.37875807252857,236.01082960755093,0.03578738201689021,1.5027322404371584,50325.0
2026-01-21T13:13:55.753502+00:00,drone,0,drone/48.JPEG,138.87910604625804,42.065480993752814,42.065480993752814,37.97793034503527,137.0361274917738,139.9853611876339,138.0724297903275,40.35348022071548,42.439235090566,46.127488461647154,17.557870848637894,142.7471879065274,0.014118935567799204,1.7630853994490359,8363520.0
2026-01-21T13:13:55.755612+00:00,bird,1,bird/singleBirdinsky334.jpeg,141.31431693989072,67.1683307994726,67.1683307994726,1694.4433086323895,140.55344262295083,146.92788872329857,114.40441132637854,68.72343611141741,64.84455413415965,82.39055519360512,81.87056135121709,149.46058618976653,0.08029806259314456,1.5027322404371584,50325.0
2026-01-21T13:13:55.757021+00:00,bird,1,bird/singleBirdinsky207.jpeg,185.00117237953305,31.19328297484453,31.19328297484453,276.8781094174502,181.1541778440139,184.0435568802782,199.72053651266765,32.89936264241852,31.189716586266268,27.64485998637814,25.866050670640835,199.85740685543965,0.007650273224043716,1.5027322404371584,50325.0
2026-01-21T13:13:55.758176+00:00,bird,1,bird/singleBirdinsky43.jpeg,146.7875608544461,40.321676205778125,40.321676205778125,179.7235920116856,233.86467958271237,128.61830104321908,12.029071038251367,26.953352085279683,53.90920241675732,41.03443998835484,242.58764033780426,233.8781520119225,0.010730253353204173,1.5027322404371584,50325.0
2026-01-21T13:13:55.790509+00:00,drone,0,drone/130.JPEG,165.73121655198776,52.83215914261514,52.83215914261514,307.74533631621125,177.1751036888379,161.84052704510702,155.81450879204894,44.47541786063194,55.23212729006538,65.22340349786344,49.52517201834863,179.61228975535167,0.06872801987767584,1.761467889908257,2092800.0
2026-01-21T13:13:55.791883+00:00,bird,1,bird/singleBirdinsky115.jpeg,122.21413000396353,58.03924406017227,58.03924406017227,84.59514462152322,111.39310344827587,125.724435196195,132.52265160523186,59.02396048400009,58.21299459929935,56.06776290386039,50.21799445105034,133.26298057867618,0.003983353151010702,2.4,50460.0
2026-01-21T13:13:55.793352+00:00,bird,1,bird/singleBirdinsky284.jpeg,137.26281172379532,36.51654533906612,36.51654533906612,391.3580327864904,166.96933929458518,130.2725086934923,95.42048683556881,41.11248831305687,36.112587321537724,29.24446222536704,110.53255837059116,166.9916741182315,0.009677098857426727,1.5027322404371584,50325.0
2026-01-21T13:13:55.794699+00:00,drone,0,drone/singleDronesinsky15.jpeg,170.54314952806757,41.53220993413319,41.53220993413319,535.7546460254742,182.0852657724789,165.29261798310978,166.96075509190263,52.07114417915726,37.84299536523541,41.07369879936834,47.813929458519624,189.7028315946349,0.022811723795330353,1.5027322404371584,50325.0
2026-01-21T13:13:55.799120+00:00,drone,0,drone/4.JPEG,87.94353283458021,39.53757984001462,39.53757984001462,329.76971729335565,76.9528221113882,89.80638819617623,107.67131338320864,47.11502300435278,38.268200293516095,27.857695979581987,93.90359517871987,111.25546550290939,0.02473399833748961,1.4962593516209477,240600.0
2026-01-21T13:13:55.800538+00:00,bird,1,bird/singleBirdinsky369.jpeg,109.48560750636132,55.70853927540766,55.70853927540766,1071.4042622888462,144.0171556933842,101.59571803435115,59.54363470101781,85.5909111711987,53.234161368978185,44.84743411798567,146.56508428753182,152.88726542620864,0.08045085877862596,1.3645833333333333,50304.0
2026-01-21T13:13:55.801843+00:00,bird,1,bird/singleBirdinsky317.jpeg,191.71251984126985,7.034867385145967,7.034867385145967,30.061230157155453,150.44142857142856,200.97626984126984,252.4482738095238,13.37545659889878,5.432704496786836,4.598380386505296,102.99894841269841,252.4482738095238,0.0007738095238095238,1.7857142857142858,50400.0
2026-01-21T13:13:55.803198+00:00,bird,1,bird/singleBirdinsky382.jpeg,162.54629850508906,49.814049534912805,49.814049534912805,1788.363596309233,138.03912213740458,166.33152433206106,207.43493559160305,53.016190959078806,50.14075373038984,47.00201262291806,88.38742445928753,207.45727973918576,0.0980836513994911,1.3645833333333333,50304.0
2026-01-21T13:13:55.804463+00:00,bird,1,bird/singleBirdinsky92.jpeg,155.82259314456036,15.483215347856211,15.483215347856211,100.35998734860269,150.40349726775958,156.01462493790362,168.43483358171883,15.470756725218283,15.567379779051134,15.830295702589408,28.510660705414804,168.53645305514158,0.0035568802781917536,1.5027322404371584,50325.0
2026-01-21T13:13:55.822208+00:00,drone,0,drone/video14_40.JPEG,152.58060655381945,24.593317225406043,24.593317225406043,460.57397384923183,153.10676432291666,161.11904622395832,107.20720377604167,26.06513423919259,24.888259048327,23.0302016565202,87.6036404079861,161.91768880208335,0.09838650173611112,1.7777777777777777,921600.0
2026-01-21T13:13:55.823735+00:00,bird,1,bird/singleBirdinsky265.jpeg,132.89971341002268,20.044472336058277,20.044472336058277,429.05337737693685,86.30237232814552,139.4735302312622,221.67235202802212,14.30732189482515,21.510362689763493,31.6083581378758,156.20819567726784,221.71545993710942,0.013772240576364288,1.3350515463917525,50246.0
2026-01-21T13:13:55.825297+00:00,bird,1,bird/singleBirdinsky63.jpeg,183.60636645962734,28.240365243691762,28.240365243691762,49.34249483376588,202.39255852842808,180.61144290492118,149.6455048574614,38.015073408145184,26.834409365806263,11.569813180105877,61.724916387959865,202.58538381907948,0.004956999522216914,1.7797619047619047,50232.0
2026-01-21T13:13:55.826892+00:00,drone,0,drone/singleDronesinsky224.jpeg,190.21912698412697,61.04655359303299,61.04655359303299,1414.4647966234409,168.79396825396825,194.8979761904762,222.2798015873016,59.75818077859504,62.08319613177096,67.43923841309605,70.88309523809524,222.83835317460318,0.030734126984126985,1.7857142857142858,50400.0
2026-01-21T13:13:55.856597+00:00,drone,0,drone/31.JPEG,118.31797161697247,72.8172599849457,72.8172599849457,25.05138809240696,119.13504634938838,116.89982750382264,123.68095087920489,73.7957944935988,72.52398386884698,72.35908917484772,43.79890625,124.80506785168195,0.005776471712538226,1.761467889908257,2092800.0
2026-01-21T13:13:55.889544+00:00,drone,0,drone/40.JPEG,123.36083667813456,75.68173388104358,75.68173388104358,280.3027933860282,129.01752628058105,121.88560540902141,115.95131594036697,69.66323316584756,77.87575550375392,82.31319112620503,60.27115300076453,133.5086754587156,0.0875234136085627,1.761467889908257,2092800.0
2026-01-21T13:13:55.891937+00:00,bird,1,bird/singleBirdinsky3.jpeg,198.13328754578754,27.58774230775199,27.58774230775199,838.9179404318285,208.61649267399267,196.39507326007325,179.5856501831502,37.15827351025296,26.83636647295649,31.43743931661822,51.60614468864469,216.1475641025641,0.01021978021978022,1.3928571428571428,109200.0
2026-01-21T13:13:55.893531+00:00,bird,1,bird/singleBirdinsky376.jpeg,165.15578738201688,43.31112976807329,43.31112976807329,183.0423714446263,229.64778936910085,150.23964232488822,72.86716343765524,43.84215195968806,45.99307317629403,50.296107799343226,178.3990660705415,229.6504520615996,0.04256333830104322,0.6654545454545454,50325.0
2026-01-21T13:13:55.932494+00:00,drone,0,drone/207.JPEG,105.77077169342508,67.37234591323148,67.37234591323148,657.6868361614765,120.85313646788991,104.75951165902141,71.35689506880733,65.70162654169022,68.01587354240962,73.8160895613347,133.73501290137614,121.29939220183486,0.17662318425076454,1.761467889908257,2092800.0
2026-01-21T13:13:55.934240+00:00,drone,0,drone/singleDronesinsky225.jpeg,164.68220566318928,72.87562528963043,72.87562528963043,1745.3627357342696,164.5598609041232,164.4727868852459,166.76123199205168,72.7499589071641,72.94102306749558,73.20689895031641,11.371147540983607,167.83266766020864,0.07127670144063587,0.6654545454545454,50325.0
2026-01-21T13:13:55.935618+00:00,bird,1,bird/singleBirdinsky118.jpeg,184.60796820665672,41.70457465361837,41.70457465361837,2429.6963528287197,171.23976154992548,187.1316045702931,206.83133631395927,43.32284584860543,41.5948761085839,41.00174020821549,50.06567312468952,206.98072528564333,0.0457625434674615,1.5027322404371584,50325.0
2026-01-21T13:13:55.937151+00:00,drone,0,drone/singleDronesinsky181.jpeg,156.91475938383155,49.91146161560327,49.91146161560327,2280.4632915299258,136.6931298013772,162.5922262468654,180.74190980376548,48.60141343848053,52.03191508248239,62.16383176083256,73.39836006846316,186.27966405285994,0.11628786371054413,1.3350515463917525,50246.0
2026-01-21T13:13:55.938771+00:00,drone,0,drone/singleDronesinsky139.jpeg,156.82939262903162,73.99206548590008,73.99206548590008,18715.01608665925,145.17096441464673,163.42936485896774,153.40631570595468,68.95422162568273,74.00337655475991,95.43545209877907,85.6838576585869,174.7950172571111,0.22424326575951126,1.521978021978022,50414.0
2026-01-21T13:13:55.952548+00:00,drone,0,drone/video14_78.JPEG,138.53969835069444,36.61008130211133,36.61008130211133,237.27792526866304,135.89702799479167,146.27752170138888,105.65129123263888,40.963697129124334,39.722248457305,31.528411863367317,81.57228407118056,150.5344140625,0.03989366319444444,1.7777777777777777,921600.0
2026-01-21T13:13:55.983284+00:00,drone,0,drone/261.JPEG,126.05395403287461,37.389345755478715,37.389345755478715,68.69851729394634,108.46390911697247,132.01026423929665,141.69572152140674,50.5575764823105,38.324432252419804,42.978529624036256,105.17823346712538,158.03714258409786,0.015033925840978594,1.761467889908257,2092800.0
2026-01-21T13:13:55.984745+00:00,bird,1,bird/singleBirdinsky54.jpeg,131.90499761450383,43.32583342984023,43.32583342984023,1600.7072349348625,140.48200938295165,124.23280454834605,148.9567628816794,62.908960312986046,40.41831663215175,35.744232350071165,86.85021071882952,169.05691396310434,0.023755566157760814,1.3645833333333333,50304.0
2026-01-21T13:13:55.986159+00:00,bird,1,bird/singleBirdinsky139.jpeg,140.1714478703115,52.84598298913582,52.84598298913582,915.4646741206783,106.31428798474253,147.60835187539732,190.7465630959949,65.34588518055459,50.34499641035164,52.54157563987843,110.25286077558805,190.7674825174825,0.020601557533375715,1.1634615384615385,50336.0
2026-01-21T13:13:55.997957+00:00,drone,0,drone/42.JPEG,121.41332291666667,59.850380390742366,59.850380390742366,7690.92716035517,121.629225,126.70660625,93.58599166666667,59.600357563799136,58.93390338357139,70.35005671947438,94.49075625,130.01890416666666,0.2955083333333333,1.3333333333333333,480000.0
2026-01-21T13:13:55.999699+00:00,drone,0,drone/singleDronesinsky88.jpeg,164.2567857142857,37.89611967594788,37.89611967594788,645.1086453121062,158.61045634920634,165.1029365079365,174.60123015873015,38.04052691911363,37.99607696055994,38.30021797456782,27.714642857142856,174.9529365079365,0.02847222222222222,1.7857142857142858,50400.0
2026-01-21T13:13:56.016337+00:00,drone,0,drone/80.JPEG,124.8808477303523,63.45429949886067,63.45429949886067,64.22961233061,126.98491700542006,124.84064511348238,119.22423462906504,61.6661588700793,62.911484458810314,72.51512934809838,50.20306148373984,131.43449462228998,0.004034341124661247,1.7344173441734418,944640.0
2026-01-21T13:13:56.027360+00:00,drone,0,drone/198.JPEG,122.47590469916557,51.27863690224403,51.27863690224403,1029.2173024841993,121.8271892841458,122.22082784365394,125.49856389986824,53.08216408890678,50.68994319728185,54.04314406899841,42.04796662274923,133.145450153711,0.08207509881422925,1.7786561264822134,455400.0
2026-01-21T13:13:56.060469+00:00,drone,0,drone/231.JPEG,63.15248709862385,44.717438697442454,44.717438697442454,353.1064360927834,58.39743119266055,68.29176605504587,49.23933486238532,44.91075878111752,45.86285570591789,42.93251166752368,82.2550931766055,69.07995460626911,0.0647486620795107,1.761467889908257,2092800.0
2026-01-21T13:13:56.062162+00:00,bird,1,bird/singleBirdinsky258.jpeg,137.88174068199842,67.19229503416392,67.19229503416392,1332.980352862691,186.0148295003965,118.01068596352101,113.90572957969866,73.81942503192964,78.74636243254267,68.23694152889557,118.15904044409199,192.41566217287865,0.04571768437747819,1.3402061855670102,50440.0
2026-01-21T13:13:56.063535+00:00,drone,0,drone/singleDronesinsky29.jpeg,177.31936790123456,84.19688513164876,84.19688513164876,2611.43126547041,167.88963950617284,180.16924444444444,187.07036049382717,80.13467681327984,85.4762539158012,88.62811251749218,35.946903703703704,187.31004444444446,0.05787654320987654,1.0,50625.0
2026-01-21T13:13:56.064705+00:00,bird,1,bird/singleBirdinsky277.jpeg,145.1080178837556,53.79471435830737,53.79471435830737,203.54453937770117,138.3354396423249,147.23564828614008,151.88767014406358,57.480348561988635,54.869456139356856,51.866789901353314,56.34634873323398,163.26461997019373,0.022016890213611525,1.5027322404371584,50325.0
2026-01-21T13:13:56.066032+00:00,drone,0,drone/singleDronesinsky125.jpeg,103.84532188158575,71.18547266007621,71.18547266007621,712.4747529959028,102.48773311066046,103.86665473776293,107.08409877132291,70.42103471781319,71.22161583700846,72.77381368741526,13.807547019762216,107.30114517475845,0.058292576245576364,1.8253012048192772,50298.0
2026-01-21T13:13:56.067183+00:00,bird,1,bird/singleBirdinsky297.jpeg,165.23732142857142,33.74776606316078,33.74776606316078,510.0779073822121,150.9125396825397,168.4312103174603,186.56297619047618,43.94972110962144,31.42724575771927,21.313831354669816,54.42075396825397,187.45017857142858,0.031646825396825395,1.7857142857142858,50400.0
2026-01-21T13:13:56.080734+00:00,drone,0,drone/76.JPEG,171.32585535230353,48.987444472904,48.987444472904,175.26723820311335,175.4078209688347,167.8234491446477,178.918879149729,43.60599033019773,51.63190508730224,53.671345911782176,29.61015625,185.29057736280487,0.012551871612466124,1.7344173441734418,944640.0
2026-01-21T13:13:56.111061+00:00,drone,0,drone/72.JPEG,121.76225248470948,44.06942989848733,44.06942989848733,12.863042812520458,126.84045967125383,118.8861940940367,123.23944428516819,35.10358713791587,46.32268948699197,64.96974691940439,73.44976825305811,143.01865777905198,0.0012361429663608563,1.761467889908257,2092800.0
2026-01-21T13:13:56.143585+00:00,drone,0,drone/277.JPEG,83.71543912461773,60.264621350813925,60.264621350813925,52.97779279360069,91.24156536697248,82.57726920871559,69.89809680810397,65.02570803183907,59.47191582118287,56.13062703286532,70.40311592125383,93.66064220183486,0.027575974770642202,1.761467889908257,2092800.0
2026-01-21T13:13:56.145221+00:00,drone,0,drone/singleDronesinsky150.jpeg,165.93386904761905,44.56811190660156,44.56811190660156,525.5018941735954,135.28261904761905,173.32809523809524,207.96607142857144,60.70155007929763,41.85171352457759,30.120599521236418,96.02349206349206,209.68845238095238,0.039702380952380954,1.7857142857142858,50400.0
2026-01-21T13:13:56.151122+00:00,bird,1,bird/singleBirdinsky1.jpeg,139.08098591549296,6.383941485252318,6.383941485252318,10.982991001564946,79.3772202660407,146.9696522887324,254.35011981611893,4.695134753765989,8.118013180285805,5.835964173286898,175.54632237871675,254.35013448748043,0.0005672926447574335,1.775,408960.0
2026-01-21T13:13:56.152487+00:00,bird,1,bird/singleBirdinsky214.jpeg,175.2209041231992,35.21947909999184,35.21947909999184,146.05819320013552,181.04168902136115,173.85444610034773,166.95203179334328,40.36210726239854,34.996412226214055,30.551898530535734,33.751535022354695,186.52393442622952,0.023507203179334326,1.5027322404371584,50325.0
2026-01-21T13:13:56.153689+00:00,bird,1,bird/singleBirdinsky236.jpeg,107.08874316939891,8.332560726834089,8.332560726834089,50.7516741182315,1.529518132141083,136.6097565822156,231.89945355191256,3.3103711866251557,11.275763024459504,18.12627958583609,252.91652260307998,231.91630402384502,0.003914555389965226,1.5027322404371584,50325.0
2026-01-21T13:13:56.155120+00:00,drone,0,drone/singleDronesinsky342.jpeg,115.82325396825397,44.29434947892222,44.29434947892222,3850.0265467368195,115.8240873015873,114.83248015873016,120.6824007936508,44.02667714868206,44.9549679066033,43.65459147597882,30.809583333333332,123.08626984126984,0.18023809523809523,1.7857142857142858,50400.0
2026-01-21T13:13:56.156299+00:00,bird,1,bird/singleBirdinsky364.jpeg,132.9279085941381,28.427514939071237,28.427514939071237,286.05666475450556,78.70789865871834,145.79127670144064,208.998609041232,39.20024030216276,25.870015392012224,30.818851497147598,158.6305613512171,209.08633879781422,0.019115747640337806,1.5027322404371584,50325.0
2026-01-21T13:13:56.188901+00:00,drone,0,drone/282.JPEG,144.89297257262996,55.09065516778295,55.09065516778295,272.975118698551,139.3197558295107,156.33585961391438,100.4403177561162,58.234839474900625,50.09085244325315,77.1196361045107,109.3714827025994,157.20753249235474,0.045553325688073396,1.761467889908257,2092800.0
2026-01-21T13:13:56.221312+00:00,drone,0,drone/36.JPEG,122.5843504050926,35.56070450426155,35.56070450426155,171.41136038907084,122.84092013888889,123.87297309027778,115.31756076388889,35.35849041799516,35.38323586763032,40.69311974132247,30.206534529320987,127.19201340663581,0.043269193672839504,1.7777777777777777,2073600.0
2026-01-21T13:13:56.223455+00:00,bird,1,bird/singleBirdinsky202.jpeg,225.79329098848748,64.76889188140353,64.76889188140353,2064.4553314760187,225.75271933306868,225.58547042477173,226.92123858674077,65.30967994798112,65.27825088795417,61.2960820604137,11.598809051210798,227.2553592695514,0.028404128622469233,1.040909090909091,50380.0
2026-01-21T13:13:56.224704+00:00,bird,1,bird/singleBirdinsky199.jpeg,104.00993541977148,12.463318484500933,12.463318484500933,396.90503564051755,67.01851962245405,112.15161450571287,159.44844510680576,19.64296553923557,11.183902971216085,10.024470299496452,150.1954694485842,160.29816194734227,0.030004967709885744,1.5027322404371584,50325.0
2026-01-21T13:13:56.226023+00:00,bird,1,bird/singleBirdinsky281.jpeg,135.84484126984128,34.34881662512164,34.34881662512164,2410.9490652494333,121.32777777777778,137.42964285714285,166.06031746031746,26.357268775120662,37.06914456045456,47.72460694270543,78.93396825396826,168.99515873015872,0.08216269841269841,1.7857142857142858,50400.0
2026-01-21T13:13:56.227772+00:00,bird,1,bird/singleBirdinsky166.jpeg,189.64444930939777,34.06533344589146,34.06533344589146,8269.537201146613,163.92279982486167,195.32502089718585,227.8436492457111,40.368294523461934,33.18240898616653,29.61577436503362,73.9292879035147,227.8436492457111,0.09288301556342793,1.3350515463917525,50246.0
2026-01-21T13:13:56.259995+00:00,drone,0,drone/27.JPEG,21.903665424311928,37.545154803483896,37.545154803483896,337.4133603983782,16.640164850917433,25.795458237767583,15.584300936544343,38.87034529730463,38.700724489205214,32.064197487473564,164.23187165519877,26.27918386850153,0.030645546636085628,1.761467889908257,2092800.0
2026-01-21T13:13:56.261601+00:00,bird,1,bird/singleBirdinsky263.jpeg,172.96463400071647,27.85569277833873,27.85569277833873,520.2920248121787,166.45131950802053,173.9768140747522,184.83885284400748,29.11230426047222,28.857826511109444,25.125483822960632,30.96379811328265,186.4809736098396,0.03636110337141265,1.3350515463917525,50246.0
2026-01-21T13:13:56.263070+00:00,drone,0,drone/singleDronesinsky303.jpeg,198.69944444444445,65.61727795602333,65.61727795602333,3072.258273431201,189.18357142857144,201.23531746031745,210.29617063492063,62.02818157472553,66.63191640965333,70.45582231465599,30.555575396825397,211.2788888888889,0.08388888888888889,1.7857142857142858,50400.0
2026-01-21T13:13:56.264380+00:00,bird,1,bird/singleBirdinsky386.jpeg,115.77625588931078,28.427670543649924,28.427670543649924,948.2771249011737,136.0517464167147,113.6662226904956,73.5820328807427,28.564629551760063,29.50456052685177,26.0154285289669,122.64143291652586,136.05214400731566,0.05097111504284039,1.4385026737967914,50303.0
2026-01-21T13:13:56.267166+00:00,bird,1,bird/singleBirdinsky217.jpeg,206.98915052160953,21.0476563205001,21.0476563205001,196.80870702717482,192.54513661202185,212.316999503229,217.46883258817684,28.922037047352337,19.29776087792672,16.594155845502648,33.061122702434176,219.3430303030303,0.01575757575757576,1.5027322404371584,50325.0
2026-01-21T13:13:56.271053+00:00,drone,0,drone/158.JPEG,93.99307995495495,50.34587803605261,50.34587803605261,370.77253368787916,92.48713400900901,97.17462837837837,81.3386936936937,48.50655503912407,50.510414704971524,58.84141540796315,62.60099662162162,100.83034346846847,0.028012387387387386,2.027027027027027,177600.0
2026-01-21T13:13:56.272358+00:00,bird,1,bird/singleBirdinsky247.jpeg,196.09649279682066,51.41745871515687,51.41745871515687,169.09119587618386,186.70817685047194,197.3274913065077,213.8873522106309,59.51920733204695,49.91642684992619,37.90673901020923,39.33182314952807,213.95070044709388,0.018002980625931447,1.5027322404371584,50325.0
2026-01-21T13:13:56.273661+00:00,drone,0,drone/singleDronesinsky386.jpeg,157.23684053651266,34.804890309002054,34.804890309002054,400.5115012551549,131.52496770988574,163.54060606060605,192.2448087431694,37.25322748880009,36.65697336665534,55.09173778261382,86.35087928464978,197.10879284649778,0.08258320914058619,1.5027322404371584,50325.0
2026-01-21T13:13:56.286801+00:00,drone,0,drone/85.JPEG,151.00157837906505,83.45985948951589,83.45985948951589,67.11644858986568,149.44976710704606,152.53609840785907,147.10860751185638,82.34648007466762,82.85088821758576,91.27298420494972,46.21477176490515,158.4812118902439,0.004801829268292683,1.7344173441734418,944640.0
2026-01-21T13:13:56.292654+00:00,bird,1,bird/singleBirdinsky2.jpeg,167.94479411189357,3.855044347681935,3.855044347681935,4.041588419405321,120.0728506455399,180.91616784037558,226.64373043818466,4.382105386137217,4.583604318237396,3.9647753130005987,119.9732810054773,226.6794283059468,0.0010807902973395931,1.775,408960.0
2026-01-21T13:13:56.293954+00:00,drone,0,drone/singleDronesinsky22.jpeg,141.43577380952382,72.10100500419884,72.10100500419884,960.066697278518,153.57710317460317,139.2722222222222,120.7850992063492,72.29963533370123,72.66269827400131,72.43947848955958,68.91503968253969,154.21547619047618,0.08549603174603175,1.7857142857142858,50400.0
2026-01-21T13:13:56.295095+00:00,drone,0,drone/singleDronesinsky199.jpeg,132.26848556741794,10.853153659893163,10.853153659893163,137.61269249970408,113.05703835508106,139.6667852906287,145.9130288651641,11.223896339421094,10.780899662568354,11.085663794071912,58.287149070778966,145.91897983392644,0.012119414788453934,1.5611111111111111,50580.0
2026-01-21T13:13:56.296221+00:00,bird,1,bird/singleBirdinsky52.jpeg,96.98411813875731,13.44279063716054,13.44279063716054,210.92550650758469,39.609461449667634,116.71997770966843,146.17794451299605,22.5822936414546,10.77782016931524,7.91417713345258,186.8938223938224,146.18361660629702,0.01701627990287784,0.749034749034749,50246.0
2026-01-21T13:13:56.297323+00:00,bird,1,bird/singleBirdinsky47.jpeg,86.3556482861401,11.950181907816255,11.950181907816255,496.97589477003555,36.34438152011923,92.97506209637358,183.3298559364133,12.8861532788639,12.179545778831725,16.806013632527563,204.4278787878788,183.39290611028315,0.038350720317933434,1.5027322404371584,50325.0
2026-01-21T13:13:56.431549+00:00,drone,0,drone/43.JPEG,126.74865905743036,33.9720080519719,33.9720080519719,84.88972501943863,125.33110101966636,127.81788887932353,125.14806289696205,33.58754103057493,34.11572608624661,36.170278216201176,17.77144958103765,129.8918757891414,0.03070680765993266,1.7630853994490359,8363520.0
2026-01-21T13:13:56.434372+00:00,bird,1,bird/singleBirdinsky345.jpeg,87.0689975308642,74.71726195734466,74.71726195734466,1639.7711937067156,87.24458271604938,86.89046913580246,88.74901728395062,74.706158283423,74.72248887537492,73.97913980437163,10.482824691358024,88.75324444444445,0.040355555555555554,1.0,50625.0
2026-01-21T13:13:56.436201+00:00,bird,1,bird/singleBirdinsky67.jpeg,78.767313184198,44.44558851050553,44.44558851050553,1226.0068961832253,73.11076074884976,80.52512692368714,84.54884578772014,45.8244989685632,45.66961474563095,50.73740927169869,18.325896398540376,84.6352332222751,0.05431937172774869,1.382198952879581,50424.0
2026-01-21T13:13:56.437498+00:00,bird,1,bird/singleBirdinsky255.jpeg,157.8937307501242,21.75152262837685,21.75152262837685,22.747071323431967,178.09726775956284,152.3868653750621,133.10497764530552,34.78668081225585,19.616229134691956,8.57079504085744,65.3437655240934,180.3868653750621,0.00035767511177347243,1.5027322404371584,50325.0
2026-01-21T13:13:56.448666+00:00,drone,0,drone/116.JPEG,130.04577683615818,68.95547260223553,68.95547260223553,187.23657484434347,135.94239936440678,128.68115466101696,121.6952065677966,70.93031741779261,68.99574078555946,66.49547804102444,41.192318149717515,137.80757062146893,0.0202100988700565,1.6271186440677967,566400.0
2026-01-21T13:13:56.454086+00:00,drone,0,drone/126.JPEG,130.96734894091415,70.48204518248363,70.48204518248363,1533.6713827012923,126.0485663322185,131.7858773690078,139.60196209587514,64.23884799915841,73.8446741145808,77.69980672392317,70.52319286510591,148.09916164994425,0.04212263099219621,1.4743589743589745,224250.0
2026-01-21T13:13:56.455373+00:00,bird,1,bird/singleBirdinsky144.jpeg,166.4725086934923,57.96419320841603,57.96419320841603,2158.560671361535,189.34297069051166,161.98845504222552,129.40178837555888,64.90184852448593,57.055909567196274,46.16132660894818,88.73818181818181,189.35280675608544,0.0568107302533532,1.5027322404371584,50325.0
2026-01-21T13:13:56.456552+00:00,bird,1,bird/singleBirdinsky71.jpeg,155.5361222783903,80.04080303458494,80.04080303458494,955.7066923040514,134.90789316562513,162.50702543486048,173.73683477291723,72.28893607199913,83.35842545953334,85.15188473213466,76.97922222664491,174.34291286868606,0.019822473430720855,1.3350515463917525,50246.0
2026-01-21T13:13:56.457697+00:00,bird,1,bird/singleBirdinsky62.jpeg,129.24914723147708,36.531214162537424,36.531214162537424,985.7256256627284,123.59874266222434,131.0053149293987,135.03635173726798,44.56398725456113,35.78905626005057,37.41657767526465,17.26110582262415,135.12273917182293,0.023223068380136443,1.382198952879581,50424.0
2026-01-21T13:13:56.458789+00:00,bird,1,bird/singleBirdinsky311.jpeg,200.88769001490314,5.5818655065149425,5.5818655065149425,55.044788663454085,180.3798907103825,202.78277198211623,244.27338301043218,7.25273677642553,5.239836069282672,4.129625429819333,66.71890710382513,244.27338301043218,0.000834575260804769,1.5027322404371584,50325.0
2026-01-21T13:13:56.460054+00:00,bird,1,bird/singleBirdinsky89.jpeg,148.54479294387534,55.80648495543828,55.80648495543828,1036.8940136373963,101.02080449313767,160.8090614246727,210.12749673693787,60.90435800617352,56.36546221067455,68.85220241050838,125.41251038247043,210.48087647826603,0.027033975398489105,1.3575129533678756,50566.0
2026-01-21T13:13:56.492932+00:00,drone,0,drone/100.JPEG,137.833559824159,59.02860634351338,59.02860634351338,186.00963397955562,130.21583046636087,148.15162605122325,104.17968176605504,63.704186735670795,54.08386769740273,76.25847953436136,97.37531011085628,149.82124617737003,0.027139717125382264,1.761467889908257,2092800.0
2026-01-21T13:13:56.494444+00:00,bird,1,bird/singleBirdinsky329.jpeg,217.59853827160495,44.8586412263921,44.8586412263921,220.22320987654322,219.20835555555556,217.55559506172838,213.57224691358024,46.68099214314796,44.33495441819226,45.94264078295753,16.909827160493826,222.66014814814815,0.020661728395061727,1.0,50625.0
2026-01-21T13:13:56.495809+00:00,drone,0,drone/singleDronesinsky351.jpeg,137.95122630992196,64.61465315470247,64.61465315470247,281.09191945169925,130.64743589743588,138.92652094282528,151.7057055263577,64.02906135308622,64.97176788183735,64.64817380337026,42.398809523809526,151.77703455964325,0.049689440993788817,1.7797619047619047,50232.0
2026-01-21T13:13:56.496932+00:00,bird,1,bird/singleBirdinsky328.jpeg,105.64757775119617,29.99615092123735,29.99615092123735,131.9192829753998,184.46552033492824,80.85959928229666,26.68998205741627,45.56855942207757,29.208045514993508,8.133476520571191,215.16139354066985,184.46552033492824,0.028797846889952152,1.30625,33440.0
2026-01-21T13:13:56.530109+00:00,drone,0,drone/239.JPEG,112.94520451070336,46.75756796109385,46.75756796109385,56.31943185938302,120.27842173165138,112.9213618119266,93.80211773700306,40.59086154390919,46.775548354172635,74.40726339835797,116.6544681766055,132.36236477446482,0.03461821483180428,1.761467889908257,2092800.0
2026-01-21T13:13:56.531663+00:00,bird,1,bird/singleBirdinsky212.jpeg,117.73210317460317,50.69513275709214,50.69513275709214,67.08187641369048,118.97400793650793,117.34511904761905,116.44051587301587,48.09007420571368,55.41394676448857,54.30528739834101,67.0547619047619,134.7732738095238,0.006706349206349206,1.7857142857142858,50400.0
2026-01-21T13:13:56.563750+00:00,drone,0,drone/226.JPEG,188.12660783179012,29.609690032115815,29.609690032115815,14.99841868639706,198.39002314814815,186.11785783179013,171.5103694058642,28.711857330200232,30.904798956409916,37.30508154791261,44.115624517746916,202.24863763503086,0.006859085648148148,1.7777777777777777,2073600.0
2026-01-21T13:13:56.568319+00:00,drone,0,drone/286.JPEG,106.78179054054054,65.19956030026597,65.19956030026597,354.00247407544003,112.11580236486486,106.75446368243243,93.08206503378378,65.20733824834375,65.08426012073927,70.53301939727554,69.71923986486486,114.31274493243244,0.05292652027027027,1.7297297297297298,236800.0
2026-01-21T13:13:56.569636+00:00,bird,1,bird/singleBirdinsky296.jpeg,191.52841809252217,35.47468126053038,35.47468126053038,482.5063166728104,186.453224017744,192.9028635931559,197.22720611533586,39.84280729708856,34.82104648851353,29.228475021189478,19.357968948035488,198.85412705956907,0.03035884030418251,1.3697916666666667,50496.0
2026-01-21T13:13:56.572945+00:00,bird,1,bird/singleBirdinsky6.jpeg,119.68962245404869,29.453673992909756,29.453673992909756,53.57849344415299,127.69969200198709,115.74844013909588,118.92737704918032,36.873412687781396,28.606851515023482,26.16256443982447,42.84480377545951,134.24420268256333,0.0027421758569299553,0.6654545454545454,201300.0
2026-01-21T13:13:56.587983+00:00,drone,0,drone/141.JPEG,130.22729611280488,74.75905791483387,74.75905791483387,136.40942682298103,128.03810128726286,132.2190675813008,125.72026592140921,75.3004741988323,73.61592003085796,84.12136709870225,61.710900448848236,140.98457084180217,0.027821180555555554,1.7344173441734418,944640.0
2026-01-21T13:13:56.589492+00:00,drone,0,drone/singleDronesinsky375.jpeg,128.62710317460318,72.903068633711,72.903068633711,1779.8385090687202,117.05323412698412,135.5445238095238,123.41210317460317,64.07091435996036,72.23477129677266,108.90788981806725,126.62636904761905,151.92619047619047,0.1689484126984127,1.7857142857142858,50400.0
2026-01-21T13:13:56.590797+00:00,bird,1,bird/singleBirdinsky140.jpeg,175.88268377693282,37.0837216638576,37.0837216638576,469.357869920487,156.9502732889734,179.60814717997465,206.5737286121673,42.52969311834853,36.495370398512186,28.355303553839878,65.40492316223067,207.24328659695817,0.02362563371356147,1.3697916666666667,50496.0
2026-01-21T13:13:56.622127+00:00,drone,0,drone/26.JPEG,87.22391007262996,64.01749187183106,64.01749187183106,186.83629822927713,81.21299168577981,93.13614535550458,72.72754587155963,62.41004597019032,63.26962607605482,76.88083264227373,98.21770259938837,98.08124713302752,0.03825210244648318,1.761467889908257,2092800.0
2026-01-21T13:13:56.651007+00:00,drone,0,drone/222.JPEG,32.2149627293578,48.316991904877476,48.316991904877476,7.295412738803867,42.0872558295107,28.635502198012233,24.59445766437309,57.85414353665448,46.5609155233056,40.507060357387594,113.06159594801223,42.3738876146789,0.004604835626911315,1.761467889908257,2092800.0
2026-01-21T13:13:56.652565+00:00,bird,1,bird/singleBirdinsky98.jpeg,141.74676602086438,44.74126285445709,44.74126285445709,221.2195201730234,115.37490312965723,148.54169895678092,176.0353303527074,58.930593561234716,40.93910608755,28.4414603234086,97.11087928464978,176.33357178340785,0.028912071535022354,1.5027322404371584,50325.0
2026-01-21T13:13:56.679550+00:00,bird,1,bird/singleBirdinsky5.jpeg,206.01388155200655,36.32349004186906,36.32349004186906,126.94029022970481,178.4173884111384,212.25818744881244,246.3436373873874,50.30729760094606,32.32088238643865,26.622227315925567,73.84367731367732,246.46846386158887,0.004905303030303031,1.3104013104013104,1953600.0
2026-01-21T13:13:56.693815+00:00,drone,0,drone/video16_643.JPEG,141.73268229166666,27.73471284241365,27.73471284241365,156.749813230584,135.052998046875,142.15711263020833,156.82245008680556,35.84271368283568,28.83350813328948,44.25905896741482,71.41386393229166,171.70134874131944,0.03731011284722222,1.7777777777777777,921600.0
2026-01-21T13:13:56.695302+00:00,bird,1,bird/singleBirdinsky307.jpeg,113.25752115480338,90.50248216307729,90.50248216307729,2601.3418972330833,113.53200597312096,113.4073469387755,111.55928322548532,90.63586061529578,89.49399651609981,95.6960762473717,54.425963165754105,116.56643106022896,0.058257839721254354,1.64,50225.0
2026-01-21T13:13:56.696637+00:00,bird,1,bird/singleBirdinsky196.jpeg,171.89829866921667,31.40693943356086,31.40693943356086,882.2069579443182,225.67363933381145,155.142282253566,116.927304964539,28.973181493023603,35.91269757012953,34.74571910224707,123.09506733604272,225.80494461710097,0.0149812734082397,1.4202127659574468,50196.0
2026-01-21T13:13:56.698342+00:00,bird,1,bird/singleBirdinsky285.jpeg,145.3054961590243,50.21991910282642,50.21991910282642,1384.2162922152916,121.61916924051636,149.60754731923655,185.35366674586203,60.738294736192806,48.73470965644721,35.972676975344015,96.2947849845569,185.36815949948522,0.17539795675932526,1.178743961352657,50508.0
2026-01-21T13:13:56.699674+00:00,bird,1,bird/singleBirdinsky163.jpeg,112.73684105749324,10.457752833239558,10.457752833239558,20.230151884632594,88.01361681796465,116.38154960981048,158.99540133779263,12.479582533632225,9.952952333676755,9.216017602246438,114.23634336677814,159.00272734511864,0.0016523331740723045,1.7797619047619047,50232.0
2026-01-21T13:13:56.701987+00:00,bird,1,bird/singleBirdinsky367.jpeg,215.9107950617284,38.94209773256085,38.94209773256085,10943.629552640781,219.73412345679012,214.34640987654322,213.6314271604938,37.79767562302313,39.45144151022204,40.33091656044019,9.184217283950618,219.76677530864197,0.17779753086419753,1.0,50625.0
2026-01-21T13:13:56.704167+00:00,bird,1,bird/singleBirdinsky191.jpeg,186.41859450887105,55.30896019250933,55.30896019250933,827.0552437490103,185.03576172068588,186.63772425413816,188.5977004658539,55.7058797513437,55.276647413230414,54.57717879755356,8.211933789275449,189.38388343740706,0.027673704034096542,0.6210526315789474,50445.0
2026-01-21T13:13:56.717905+00:00,drone,0,drone/video16_458.JPEG,159.09087239583334,38.693848059146845,38.693848059146845,83.71047205878364,146.68763780381946,161.15084092881943,181.02729383680557,26.016569372196784,43.4216668017114,65.0611364418003,62.00613606770833,189.8477560763889,0.01815646701388889,1.7777777777777777,921600.0
2026-01-21T13:13:56.751748+00:00,drone,0,drone/98.JPEG,169.16032744984568,35.94338349140513,35.94338349140513,21.784639735873547,179.24639805169753,168.06071807484568,148.28547067901235,33.74103475030001,37.607648617205946,46.84443477281293,57.94387345679012,184.52221450617284,0.008298128858024691,1.7777777777777777,2073600.0
2026-01-21T13:13:56.782645+00:00,drone,0,drone/123.JPEG,137.23278574159022,48.89852106756552,48.89852106756552,72.05864651971075,133.95062117737004,137.66815462538227,143.7202575496942,45.203568559024276,50.50821163798545,58.9770047529686,60.35136515672783,154.15682482798164,0.019239296636085628,1.761467889908257,2092800.0
2026-01-21T13:13:56.784061+00:00,bird,1,bird/singleBirdinsky68.jpeg,112.58329351807613,39.71687843713627,39.71687843713627,95.52452512680708,130.64528587354675,107.11440914158305,93.22288580984232,49.62853286729257,38.39579469032673,27.13546579572805,68.71637601528906,131.0449912406434,0.016702500398152572,1.7797619047619047,50232.0
2026-01-21T13:13:56.798195+00:00,drone,0,drone/179.JPEG,144.71134717987806,79.41401735573008,79.41401735573008,129.77243149729813,142.74734925474255,146.3881700965447,141.06248412093495,79.93904016996555,78.25500681782034,88.04874994396567,54.3634633299458,154.526039549458,0.02850292174796748,1.7344173441734418,944640.0
2026-01-21T13:13:56.799765+00:00,bird,1,bird/singleBirdinsky187.jpeg,241.6899404761905,30.084587660112554,30.084587660112554,649.5434096497859,241.7078373015873,241.5288492063492,242.15267857142857,28.335246050377506,30.679310298989865,32.38327945808108,4.8254761904761905,243.63505952380953,0.01982142857142857,1.7857142857142858,50400.0
2026-01-21T13:13:56.833444+00:00,drone,0,drone/164.JPEG,129.7799928325688,44.32191004561617,44.32191004561617,138.27635931643837,123.42766676223242,139.87925363149847,94.42375238914373,43.28223335427137,46.70559356436673,43.67139934273464,85.67598241590214,141.1846378058104,0.03404290902140673,1.761467889908257,2092800.0
2026-01-21T13:13:56.834967+00:00,bird,1,bird/singleBirdinsky74.jpeg,120.82235228980464,47.62290701024595,47.62290701024595,1283.8274387291906,108.57001898283636,122.40101241793879,144.85897334493396,58.83712960195421,46.4009844915436,47.35390747498971,72.50110733212054,148.44856837775845,0.0677054496559361,1.4308510638297873,50572.0
2026-01-21T13:13:56.836663+00:00,drone,0,drone/singleDronesinsky364.jpeg,112.68460317460317,5.678220804899741,5.678220804899741,70.52587301587302,77.87521825396826,117.42261904761905,178.81027777777777,4.776127490087712,5.959543190996393,7.690284372659006,144.07204365079366,178.81027777777777,0.0031746031746031746,1.7857142857142858,50400.0
2026-01-21T13:13:56.856278+00:00,drone,0,drone/263.JPEG,115.66850694444445,54.360968291954116,54.360968291954116,320.65047954777845,121.43847764756944,114.28123480902778,107.66695529513889,52.494165120365324,54.58910292617268,61.201169304134325,57.34673068576389,124.633681640625,0.03336480034722222,1.7777777777777777,921600.0
2026-01-21T13:13:56.857919+00:00,drone,0,drone/singleDronesinsky27.jpeg,153.1602564102564,45.524855856055524,45.524855856055524,296.279124166305,142.63200748526836,156.4309404363752,163.86028826246218,47.06943705981103,45.73750303236292,41.16761404200503,40.88441630832935,164.11122392100654,0.007206561554387641,1.7797619047619047,50232.0
2026-01-21T13:13:56.875547+00:00,drone,0,drone/29.JPEG,89.50759231029811,47.018407411682325,47.018407411682325,489.63830740858,84.87610094850949,96.2430449695122,67.0637629149729,45.00484413449018,50.90559998867002,37.91223375945816,77.11516344850949,97.65513952405149,0.1416698424796748,1.7344173441734418,944640.0
2026-01-21T13:13:56.889490+00:00,drone,0,drone/191.JPEG,145.84967924288617,75.05161081038386,75.05161081038386,69.71162559120023,138.8791592564363,148.74413003895663,149.12441459180218,71.783421251082,74.87391692824593,85.98777320428549,48.42621633638211,155.8115483147019,0.006822704945799458,1.7344173441734418,944640.0
2026-01-21T13:13:56.922185+00:00,drone,0,drone/44.JPEG,138.36147744648318,49.220283603415346,49.220283603415346,120.34575114205454,135.64597190366973,142.25553564602447,125.39930953746178,48.01742267026074,48.03734977711925,63.70699997155499,47.23803134556575,144.70231938073394,0.049838971712538226,1.761467889908257,2092800.0
2026-01-21T13:13:56.923850+00:00,bird,1,bird/singleBirdinsky261.jpeg,214.6566484517304,35.04195168691709,35.04195168691709,7869.940226694503,213.82414666983448,214.66686465510415,216.72342995169083,35.84462603106512,35.04342492293792,32.91258920855734,5.98408172962699,217.4523441830997,0.07808663974023917,1.5081967213114753,50508.0
2026-01-21T13:13:56.925153+00:00,bird,1,bird/singleBirdinsky146.jpeg,202.42074515648287,29.757550905740416,29.757550905740416,96.14684973859677,198.52880278191753,203.18712369597617,208.82235469448585,36.45080427981197,28.474551036920627,20.249174994248875,21.18301043219076,211.7188872329856,0.0011525086934923,1.5027322404371584,50325.0
2026-01-21T13:13:56.926293+00:00,drone,0,drone/singleDronesinsky260.jpeg,141.6565873015873,27.385609204983787,27.385609204983787,303.778352575822,105.80690476190476,150.52837301587303,189.2996626984127,35.76696922084534,26.642383075174624,25.030603964084897,118.52474206349207,192.01404761904763,0.028988095238095236,1.7857142857142858,50400.0
2026-01-21T13:13:56.927371+00:00,bird,1,bird/singleBirdinsky332.jpeg,179.05873015873016,8.62388957509175,8.62388957509175,61.23494047579679,130.22071428571428,189.76654761904763,252.21896825396826,7.034222994801172,9.291670616362298,12.382422790940204,123.1768253968254,252.25623015873015,0.0037896825396825395,1.7857142857142858,50400.0
2026-01-21T13:13:56.928500+00:00,bird,1,bird/singleBirdinsky128.jpeg,208.10157973174367,22.817151637109003,22.817151637109003,190.08391987046937,200.7979731743666,208.7970789865872,223.78336810730252,27.9114450164513,21.758467193194882,16.991343039420837,27.234634873323397,223.8001390958768,0.003477396920019871,1.5027322404371584,50325.0
2026-01-21T13:13:56.929807+00:00,bird,1,bird/singleBirdinsky241.jpeg,174.2860492845787,53.879778182092274,53.879778182092274,1161.79736275713,166.8433227344992,176.61949523052465,181.8108505564388,59.94874678246189,52.008037831755175,47.867686126563626,29.080564387917327,181.89674085850555,0.028080286168521464,1.4702702702702704,50320.0
2026-01-21T13:13:56.931034+00:00,bird,1,bird/singleBirdinsky51.jpeg,166.55012419274715,33.647321020512216,33.647321020512216,171.2713008066544,249.31737704918032,154.07175360158968,13.640357675111774,11.53675209310809,50.11434394865176,41.529525843813325,241.2207252856433,249.3269349230005,0.004769001490312966,1.5027322404371584,50325.0
2026-01-21T13:13:56.966223+00:00,drone,0,drone/101.JPEG,72.1666379969419,33.63874318880415,33.63874318880415,529.7389978921503,81.54992306957186,70.78267727446483,54.50850057339449,35.03835575875869,34.49026108358049,29.859365181078623,89.66419533639144,81.7655638379205,0.13001099006116207,1.761467889908257,2092800.0
2026-01-21T13:13:56.967706+00:00,drone,0,drone/singleDronesinsky19.jpeg,159.5238492063492,32.02765401479707,32.02765401479707,2388.932770874276,167.5725,157.84678571428572,146.75053571428572,33.775144391558634,32.34821481277026,31.869428702506124,36.61535714285714,168.4117857142857,0.12726190476190477,1.7857142857142858,50400.0
2026-01-21T13:13:56.968931+00:00,bird,1,bird/singleBirdinsky333.jpeg,156.99611942662548,15.647723669176896,15.647723669176896,204.09271600922685,137.94980993110002,162.2692444761226,179.57885879464638,16.03277050623608,15.669618234707254,14.815832335994028,60.33976795755128,179.57885879464638,0.005246693593094163,1.5081967213114753,50508.0
2026-01-21T13:13:56.970063+00:00,bird,1,bird/singleBirdinsky400.jpeg,176.07377146946564,54.61845873321977,54.61845873321977,719.1005621693987,172.28932092875317,174.34074825063612,194.56556138676845,53.479918160498535,54.08900215522098,60.34777645038872,29.096910782442748,194.56556138676845,0.010675095419847328,1.3645833333333333,50304.0
2026-01-21T13:13:56.971308+00:00,bird,1,bird/singleBirdinsky157.jpeg,155.55291825699746,68.82627724554017,68.82627724554017,750.636409384125,177.1690919211196,153.27850667938932,110.4354126908397,72.79919340838904,68.94957963378636,65.14498537012575,95.60247694020356,177.2210957379135,0.04172630407124682,1.3645833333333333,50304.0
2026-01-21T13:13:56.972586+00:00,bird,1,bird/singleBirdinsky350.jpeg,189.49675596067348,39.84389716892315,39.84389716892315,8746.905270403493,183.5944552800223,190.49673605859172,199.58054372487362,39.454497715042386,39.92398315666027,40.69080512856211,23.16669983680293,199.58358874338256,0.1166261991004259,1.3350515463917525,50246.0
2026-01-21T13:13:56.973777+00:00,bird,1,bird/singleBirdinsky70.jpeg,189.49675596067348,39.84389716892315,39.84389716892315,8746.905270403493,183.5944552800223,190.49673605859172,199.58054372487362,39.454497715042386,39.92398315666027,40.69080512856211,23.16669983680293,199.58358874338256,0.1166261991004259,1.3350515463917525,50246.0
2026-01-21T13:13:56.987097+00:00,drone,0,drone/video17_957.JPEG,113.72145941840277,55.85024657150162,55.85024657150162,290.3874781795502,116.299931640625,112.33067599826389,113.99580837673611,53.851587349536615,56.70724850058796,59.04076292761122,32.966962890625,120.30492621527777,0.029045138888888888,1.7777777777777777,921600.0
2026-01-21T13:13:57.001010+00:00,drone,0,drone/video14_140.JPEG,116.6374978298611,50.57617433455209,50.57617433455209,442.4726951842838,115.54555447048611,120.543232421875,99.46352430555555,50.38513194098392,50.79555180539575,62.08515237681379,78.70400282118055,128.69043728298612,0.06380859375,1.7777777777777777,921600.0
2026-01-21T13:13:57.034594+00:00,drone,0,drone/187.JPEG,132.0998083906728,46.40341352379729,46.40341352379729,77.2133108742313,128.33107893730886,132.56427465596332,139.7148251146789,42.814164337187584,48.090048947756884,57.66730390289209,65.89658495795108,150.61931957186545,0.019518826452599388,1.761467889908257,2092800.0
2026-01-21T13:13:57.071521+00:00,drone,0,drone/249.JPEG,129.02426509938837,33.030919046248385,33.030919046248385,128.5163168143762,120.21315988149847,143.6667880351682,76.76432578363914,35.61392267129441,33.68042053241945,29.910513548216183,120.05629778287462,143.70478115443424,0.07716456422018349,1.761467889908257,2092800.0
2026-01-21T13:13:57.072913+00:00,bird,1,bird/singleBirdinsky244.jpeg,117.07125683060109,34.0672251084131,34.0672251084131,40.93750071174228,88.52137108792847,124.22915052160954,155.08262295081968,46.8739774486424,31.26568150963598,15.965696245621778,118.12182811723795,156.575956284153,0.005802285146547442,1.5027322404371584,50325.0
2026-01-21T13:13:57.074342+00:00,drone,0,drone/singleDronesinsky252.jpeg,137.75896825396825,37.99497406882989,37.99497406882989,1036.776754761511,104.81769841269842,147.19609126984128,175.66779761904763,29.02747296555778,41.5096639708851,54.89807961619736,105.93426587301587,177.42503968253968,0.05,1.7857142857142858,50400.0
2026-01-21T13:13:57.075462+00:00,bird,1,bird/singleBirdinsky169.jpeg,196.50049603174602,13.837466384581704,13.837466384581704,45.713531177563624,177.29484126984127,200.4232738095238,226.9903373015873,15.225228813883955,13.398080367580256,12.407523234825538,56.17178571428571,226.9903373015873,0.00125,1.7857142857142858,50400.0
2026-01-21T13:13:57.079582+00:00,drone,0,drone/singleDronesinsky13.jpeg,182.46214158239144,34.99583806327722,34.99583806327722,97.66088033506333,168.6231766805473,183.4359587547095,213.80537378544517,42.673660306794524,34.064675475581396,23.549537842045794,56.97743010113028,213.87380924053144,0.005393614911758874,1.5,252150.0
2026-01-21T13:13:57.080907+00:00,bird,1,bird/singleBirdinsky155.jpeg,151.6071626984127,19.185996057736943,19.185996057736943,94.9589611851222,143.41311507936507,151.9821626984127,170.61111111111111,22.82503565381373,18.379458731400213,14.654756918923413,42.2044246031746,170.61111111111111,0.004186507936507936,1.7857142857142858,50400.0
2026-01-21T13:13:57.115399+00:00,drone,0,drone/244.JPEG,106.35834050076453,36.186159400073954,36.186159400073954,319.3261032305604,137.22447868883793,95.86122419724771,79.43034212538227,38.93849437657336,35.968711259524795,31.724161625585207,111.73909547018349,137.2246139143731,0.06500334480122325,1.761467889908257,2092800.0
2026-01-21T13:13:57.116994+00:00,bird,1,bird/singleBirdinsky81.jpeg,170.68874816373526,40.900009208007944,40.900009208007944,994.5677291736872,153.09276610950093,174.2829634335173,200.2859411601223,32.05481998354938,43.66548484813882,53.28135614158753,69.52082423472426,203.02574740937786,0.033707865168539325,1.5898876404494382,50374.0
2026-01-21T13:13:57.118524+00:00,bird,1,bird/singleBirdinsky264.jpeg,107.61895129303507,26.46557223575849,26.46557223575849,3971.3837202892155,70.05499365381564,119.3283753768047,145.89588291289863,34.6470744854306,27.300337720293,36.032553928255886,130.7404608916389,146.85009122640014,0.1334880215770268,1.382198952879581,50424.0
2026-01-21T13:13:57.119738+00:00,bird,1,bird/singleBirdinsky106.jpeg,195.54768007948337,31.58350001593896,31.58350001593896,308.4161523237555,149.37452558370592,213.95974167908594,221.80437158469945,64.17172362575913,21.310572388183488,14.780409583854404,87.31670144063587,223.39469448584202,0.013472429210134128,1.5027322404371584,50325.0
2026-01-21T13:13:57.126159+00:00,drone,0,drone/25.JPEG,114.61245738636363,23.586247941811685,23.586247941811685,376.93003973540806,77.780375,121.71283806818182,175.18886647727274,28.024017967472,23.809123322076005,26.016927890128116,143.06865909090908,176.04486647727273,0.01518465909090909,1.8181818181818181,352000.0
2026-01-21T13:13:57.127413+00:00,bird,1,bird/singleBirdinsky78.jpeg,149.4474515648286,27.539294884861413,27.539294884861413,131.74171687548073,220.56461003477398,129.99594634873324,63.13289617486339,30.042042132464328,29.790225068776977,30.404068409746266,182.65641331346248,220.6265474416294,0.015936413313462496,1.5027322404371584,50325.0
2026-01-21T13:13:57.128755+00:00,drone,0,drone/singleDronesinsky7.jpeg,116.14684908789387,33.23767634095452,33.23767634095452,576.6224953133724,79.91039800995024,120.94170812603649,187.1142951907131,28.279911850454003,34.87874616055441,44.857529448443806,147.80868988391376,187.26653399668325,0.036417910447761194,1.492537313432836,60300.0
2026-01-21T13:13:57.159108+00:00,drone,0,drone/224.JPEG,130.86181327160494,30.22854261280973,30.22854261280973,38.492502024865495,129.35083236882716,130.89189525462962,134.65269386574073,27.546342881681337,30.639501185326655,37.65561401383984,8.602448398919753,134.93343798225308,0.00894579475308642,1.7777777777777777,2073600.0
2026-01-21T13:13:57.175290+00:00,drone,0,drone/284.JPEG,160.5761328125,52.37753716981562,52.37753716981562,275.03528080116087,173.00757486979165,156.7066015625,147.90470377604166,55.145949365903874,54.93597093921209,56.48819752903567,57.05059787326389,179.0494314236111,0.039643012152777775,1.7777777777777777,921600.0
2026-01-21T13:13:57.176747+00:00,bird,1,bird/singleBirdinsky125.jpeg,124.27785296341997,32.04965383224259,32.04965383224259,61.79371240620298,103.55039207101063,128.31226366277912,158.4130876089639,36.25021289188198,32.088181109830586,21.95667934578746,92.3193886080484,158.43679098833738,0.022091310751104567,1.3350515463917525,50246.0
2026-01-21T13:13:57.178249+00:00,bird,1,bird/singleBirdinsky280.jpeg,159.18549428713362,44.73168213030057,44.73168213030057,170.79650010095827,138.55841033283656,164.1638350720318,187.7102831594635,62.16620920461425,40.76416907011319,30.416147281809916,80.90358668653751,191.3104619970194,0.021162444113263786,1.5027322404371584,50325.0
2026-01-21T13:13:57.214130+00:00,drone,0,drone/66.JPEG,124.59289420871559,43.43773857287012,43.43773857287012,269.05202161224327,118.390032014526,133.74157970183487,93.72755829510703,42.15887408498994,46.538995029964255,46.91964309907906,86.49878297018348,137.598000764526,0.1029921636085627,1.761467889908257,2092800.0
2026-01-21T13:13:57.215619+00:00,drone,0,drone/singleDronesinsky50.jpeg,174.3593725115464,44.90125480317645,44.90125480317645,482.49743118312625,172.4501114827202,173.00292642140468,185.39299649625735,43.09306028386054,44.83911192419518,49.93129753138655,20.86206004140787,186.0371078197165,0.029025322503583372,1.7797619047619047,50232.0
2026-01-21T13:13:57.245752+00:00,drone,0,drone/161.JPEG,139.37583524464833,29.791591637755378,29.791591637755378,205.31858256639538,137.87671731651375,139.06845135703364,145.00172878440367,31.282220089608288,30.456886867583467,35.37394586872139,36.85965787461774,152.53646788990827,0.014383123088685015,1.761467889908257,2092800.0
2026-01-21T13:13:57.259814+00:00,drone,0,drone/video18_1266.JPEG,140.49203884548612,28.46066592267967,28.46066592267967,55.4017969057248,129.1681271701389,142.70753038194445,158.97540798611112,34.95973821061395,26.59010570691951,32.69954315016313,59.484288194444446,162.9036208767361,0.010673828125,1.7777777777777777,921600.0
2026-01-21T13:13:57.261257+00:00,bird,1,bird/singleBirdinsky393.jpeg,122.8013480027753,73.43348286818461,73.43348286818461,1313.7094713287247,121.31606700366736,123.44079690752305,123.4604222420458,84.19223017075774,72.76819441722103,63.4977143141729,75.25671523441372,140.04501932798098,0.08672811973436416,1.6101694915254237,50445.0
2026-01-21T13:13:57.297119+00:00,drone,0,drone/260.JPEG,109.77187022171253,56.287577169873025,56.287577169873025,626.0898339345808,114.57269782110092,111.47814554663609,88.36219753440366,58.833438697623755,57.24126515183397,49.47375939100081,69.24222763761468,118.52534690366973,0.19540424311926605,1.761467889908257,2092800.0
2026-01-21T13:13:57.298393+00:00,bird,1,bird/singleBirdinsky226.jpeg,187.60814814814816,29.598704430735683,29.598704430735683,71.14107848555861,189.49506172839506,188.37342592592591,178.66774691358026,37.669905305653884,28.1553127015979,20.22623761685495,33.2020061728395,196.7538271604938,0.006049382716049383,1.0,32400.0
2026-01-21T13:13:57.299697+00:00,bird,1,bird/singleBirdinsky316.jpeg,146.14958333333334,50.965597891883725,50.965597891883725,78.68487879661123,161.1507738095238,140.88621031746032,134.2064880952381,55.905690724233075,51.801439126330656,34.6143366705577,52.39843253968254,163.11553571428573,0.001488095238095238,0.9955555555555555,50400.0
2026-01-21T13:13:57.304177+00:00,drone,0,drone/11.JPEG,82.9329868656372,52.636766927973056,52.636766927973056,840.0449029293825,84.44276071614007,84.48970212111306,70.9644766446799,53.94139202082387,51.967624000529554,55.49096797295992,67.40375185092594,87.57215726620642,0.10415665083363781,1.7077363896848137,208004.0
2026-01-21T13:13:57.321743+00:00,drone,0,drone/singleDronesinsky2.jpeg,135.08639361078545,50.586024833277776,50.586024833277776,809.7087509783221,121.02283667936695,137.43505641852286,159.8845279528136,57.07524111429175,49.875802620901986,46.66302138406399,78.88812280187574,162.3221177095545,0.02952996776084408,1.5005861664712778,1091840.0
2026-01-21T13:13:57.323212+00:00,drone,0,drone/singleDronesinsky92.jpeg,213.83564732407737,49.13807100746045,49.13807100746045,2675.5864086888087,213.83564732407737,213.83564732407737,213.83564732407737,49.13807100746045,49.13807100746045,49.13807100746045,0.0,213.83564732407737,0.0826707804279894,2.0,50562.0
2026-01-21T13:13:57.352496+00:00,drone,0,drone/63.JPEG,152.01825592507646,9.397433569852616,9.397433569852616,18.84229644495413,97.59367306957186,162.74672639525994,238.7848322821101,13.761978248426546,9.77394048436956,11.948136249201285,150.99551557721713,238.96751290137615,0.0025339258409785934,1.761467889908257,2092800.0
2026-01-21T13:13:57.354168+00:00,drone,0,drone/singleDronesinsky348.jpeg,69.60353957636566,27.87194481169312,27.87194481169312,2449.2101524190534,76.76642379359771,71.72467749641663,39.86856983596114,29.529743350778414,27.55436080200714,27.037335753486868,138.78963608854914,77.46709268991877,0.2578037904124861,1.7797619047619047,50232.0
2026-01-21T13:13:57.387323+00:00,drone,0,drone/267.JPEG,90.63365921253822,35.04825031635445,35.04825031635445,267.81173164830386,109.58970565749236,86.98822916666667,59.70486573012232,37.553347521646565,36.085607311831275,29.26918195075258,121.6333362003058,109.9571449732416,0.0876519495412844,1.761467889908257,2092800.0
2026-01-21T13:13:57.388724+00:00,bird,1,bird/singleBirdinsky234.jpeg,119.71850968703427,29.393106378837295,29.393106378837295,70.51489051083507,127.71304520615996,115.79870839542971,118.90915052160953,36.61097891568691,28.587658628381416,26.099444747329834,42.51848981619474,134.16214605067063,0.002901142573273721,0.6654545454545454,50325.0
2026-01-21T13:13:57.389960+00:00,bird,1,bird/singleBirdinsky44.jpeg,139.01816952926208,46.481547516868055,46.481547516868055,775.7291464994456,187.33452608142494,120.51908396946565,107.54339615139949,65.62472624974737,43.64026352095848,44.488015347796185,99.53190601145039,187.51152989821884,0.026717557251908396,1.3645833333333333,50304.0
2026-01-21T13:13:57.513527+00:00,drone,0,drone/245.JPEG,123.81645335935109,33.17857503458996,33.17857503458996,83.75782992277153,121.96976249234773,125.03936691727885,122.53160750497398,32.82389132287368,33.312293457061884,35.353728722904265,18.697426801155494,127.04385892542852,0.030231409741352924,1.7630853994490359,8363520.0
2026-01-21T13:13:57.529624+00:00,drone,0,drone/video14_185.JPEG,155.84930555555556,25.74704990760748,25.74704990760748,750.3494793337492,159.73306966145833,165.50924696180556,95.9773828125,28.024145005200264,25.919482890542817,24.810436359558825,110.75379991319444,167.41949110243056,0.16709743923611112,1.7777777777777777,921600.0
2026-01-21T13:13:57.531012+00:00,bird,1,bird/singleBirdinsky24.jpeg,51.42765593281057,52.7558890187778,52.7558890187778,172.21963630693546,68.10299327309636,45.42922819726943,38.60573976037894,71.70067548371712,49.3907707108408,35.227338311313325,131.94922978943598,74.455061099391,0.014130478048003822,0.749034749034749,50246.0
2026-01-21T13:13:57.537777+00:00,drone,0,drone/23.JPEG,113.76696677509294,79.43026988381283,79.43026988381283,801.3542673840568,104.65003485130111,120.62003659386617,102.3347438429368,80.97840027073705,77.63624762060778,88.48643223383563,77.03965497211895,122.59597757899628,0.11827950743494424,1.1895910780669146,344320.0
2026-01-21T13:13:57.539041+00:00,drone,0,drone/singleDronesinsky86.jpeg,203.18980625931445,64.46962091771549,64.46962091771549,4290.974976394124,200.2650173869846,203.61893691008444,208.74803775459515,66.06866867802343,64.14937042438144,62.58152312493224,17.493452558370592,208.94736214605066,0.07177347242921013,1.5027322404371584,50325.0
2026-01-21T13:13:57.573265+00:00,drone,0,drone/180.JPEG,112.58616733562691,42.9414233100585,42.9414233100585,296.0096348905254,113.92468606651376,114.7089177178899,98.14765099388379,45.019761653485595,41.44672434222766,50.6157781707824,59.12644829892967,120.53451500382263,0.11072056574923547,1.761467889908257,2092800.0
2026-01-21T13:13:57.574653+00:00,bird,1,bird/singleBirdinsky33.jpeg,154.23267523782988,22.87778316403031,22.87778316403031,122.59550092635108,147.40528599291486,155.49186004856108,165.80876089638977,27.541852718310597,21.873735363338607,18.46521605035909,29.95973808860407,165.91710782947897,0.01379214265812204,1.3350515463917525,50246.0
2026-01-21T13:13:57.575939+00:00,bird,1,bird/singleBirdinsky137.jpeg,147.72694020356235,46.45240663767098,46.45240663767098,756.5149587644528,143.7077568384224,147.02152910305344,161.56037293256998,45.37552238194631,46.21822624357244,50.50759102453194,28.328900286259543,161.56041269083968,0.025107347328244274,1.3645833333333333,50304.0
2026-01-21T13:13:57.591887+00:00,bird,1,bird/singleBirdinsky10.jpeg,161.434265491453,29.044443309612067,29.044443309612067,199.14471239985795,156.3183912037037,162.84957532051283,167.7245681980057,38.03188045098835,27.35337923364948,21.705852181169234,38.589805021367525,175.69503294159543,0.011699608262108262,1.5046296296296295,1123200.0
2026-01-21T13:13:57.622701+00:00,drone,0,drone/47.JPEG,16.678181383792047,31.99797394584723,31.99797394584723,309.2055479065454,11.886341743119266,19.644612958715598,13.485023413608562,32.68316360592207,32.648263638804266,29.679418194885077,179.09622563073395,20.157324159021407,0.03545632645259939,1.761467889908257,2092800.0
2026-01-21T13:13:57.652926+00:00,drone,0,drone/145.JPEG,118.10441943807339,54.41193790155348,54.41193790155348,33.03885686475312,120.81985760703364,117.13768444189603,115.93917574541284,55.96332901427915,54.7765498215176,54.39765307459476,46.7831880733945,128.913028956422,0.024420871559633028,1.761467889908257,2092800.0
2026-01-21T13:13:57.654912+00:00,bird,1,bird/singleBirdinsky60.jpeg,162.73337283950616,59.45093946931745,59.45093946931745,3165.8642019551653,102.42637037037036,187.3128098765432,194.28756543209877,85.59900123976647,58.85633319693425,85.23398031272166,153.33046913580247,215.1872987654321,0.10275555555555556,1.0,50625.0
2026-01-21T13:13:57.689076+00:00,drone,0,drone/142.JPEG,109.81920107033639,64.38374818837227,64.38374818837227,753.6199091607715,112.03958858944954,112.23713541666666,91.47059871941896,63.94727408038304,64.06224315286327,72.11265040668191,73.04078507262997,117.60611668577981,0.08317756116207951,1.761467889908257,2092800.0
2026-01-21T13:13:57.757888+00:00,drone,0,drone/singleDronesinsky11.jpeg,159.70093736415728,36.71012847286426,36.71012847286426,6.631382335502913,154.37123671211222,167.92015095830862,131.24829895277614,42.51060244727931,35.764428557912545,44.44367967642122,67.7680942501482,171.2018391622209,0.0018409405255878286,1.7783046828689981,5061000.0
2026-01-21T13:13:57.772005+00:00,drone,0,drone/video17_728.JPEG,125.87100911458333,37.936696401164376,37.936696401164376,165.27272229746947,126.86583441840278,125.29646484375,126.36287326388889,37.009759789712234,38.590135616887295,38.92068558153512,18.482935112847223,130.87335394965277,0.046478949652777775,1.7777777777777777,921600.0
2026-01-21T13:13:57.804200+00:00,drone,0,drone/107.JPEG,163.47907635703365,52.179356964983256,52.179356964983256,232.14549492808806,175.57432482798166,159.3290863914373,153.13605361238533,43.736563789750676,54.62278808815161,64.68681175691572,50.96569189602447,177.86575688073395,0.06156536697247707,1.761467889908257,2092800.0
2026-01-21T13:13:57.817536+00:00,drone,0,drone/video16_159.JPEG,133.79274956597223,40.467720181456706,40.467720181456706,111.54726561322626,106.66956814236111,137.09267469618055,188.06918294270832,52.479067988486946,41.0097154836297,36.651055773124384,123.01896375868056,193.822978515625,0.012340494791666667,1.7777777777777777,921600.0
2026-01-21T13:13:57.819109+00:00,drone,0,drone/singleDronesinsky291.jpeg,174.20172876304025,65.45438809587496,65.45438809587496,4122.217709123188,172.83705911574765,178.0625732737208,157.90050670640835,67.4455352578992,63.69281781618976,75.33692136368431,44.014744162940886,181.04528564331844,0.1998609041231992,1.5027322404371584,50325.0
2026-01-21T13:13:57.820507+00:00,drone,0,drone/singleDronesinsky17.jpeg,170.54314952806757,41.53220993413319,41.53220993413319,535.7546460254742,182.0852657724789,165.29261798310978,166.96075509190263,52.07114417915726,37.84299536523541,41.07369879936834,47.813929458519624,189.7028315946349,0.022811723795330353,1.5027322404371584,50325.0
2026-01-21T13:13:57.821659+00:00,bird,1,bird/singleBirdinsky276.jpeg,148.14039682539683,9.126023047742452,9.126023047742452,84.09968038391281,129.08607142857142,154.4337896825397,165.94186507936507,11.30346784663792,9.188872515092573,9.461936763429026,56.7522619047619,165.9977380952381,0.003253968253968254,1.7857142857142858,50400.0
2026-01-21T13:13:57.945540+00:00,drone,0,drone/106.JPEG,129.27949786692685,42.53354966764169,42.53354966764169,165.656872691576,128.41495901247322,130.2704202297597,126.35910023530762,40.568445367389224,43.14343644261345,45.93770450437079,20.342307903849097,132.78632274449035,0.03424347643097643,1.7630853994490359,8363520.0
2026-01-21T13:13:57.978532+00:00,drone,0,drone/252.JPEG,123.1911692469419,47.7008740188991,47.7008740188991,195.5185561378525,114.34215070718655,128.28644686544342,120.71512710244649,48.83435696693935,47.50948914340464,64.91879966861595,101.64399178134556,144.58115204510705,0.06603784403669724,1.761467889908257,2092800.0
2026-01-21T13:13:58.007389+00:00,drone,0,drone/71.JPEG,140.26527761850153,47.82403082473959,47.82403082473959,8.996678612001514,129.89277570718656,141.82579224006116,159.62227828746177,47.33846363703079,50.34992709185236,59.28410198311148,80.93849627293578,170.28507310779815,0.0019762996941896024,1.761467889908257,2092800.0
2026-01-21T13:13:58.008960+00:00,bird,1,bird/singleBirdinsky122.jpeg,162.7227791701476,30.86250023539915,30.86250023539915,1432.5682054152132,80.05577435652624,189.4021164021164,242.0291403110952,63.69558519296014,23.648057688329853,25.184695603821062,171.2122767235549,242.8952142260413,0.05983211998249592,1.4074074074074074,50274.0
2026-01-21T13:13:58.010186+00:00,bird,1,bird/singleBirdinsky167.jpeg,195.48285420131464,27.864035131048734,27.864035131048734,46.000181353771026,208.94545418547557,181.6133087827671,231.52175892927852,25.451973917292708,32.221019208519046,23.267390223847492,58.13823552704522,233.39870911538767,0.0005147699374356537,1.5081967213114753,50508.0
2026-01-21T13:13:58.011262+00:00,bird,1,bird/singleBirdinsky124.jpeg,148.89221509463846,6.4792301455489065,6.4792301455489065,46.13344375371301,123.15207491882474,153.58499643620812,191.7484952878752,7.178265728052067,6.3133321841316485,8.26562674958846,91.46990575750377,191.84576700720677,0.0026926427496634197,1.5081967213114753,50508.0
2026-01-21T13:13:58.012683+00:00,bird,1,bird/singleBirdinsky380.jpeg,176.68403378042723,52.40263752612873,52.40263752612873,2046.2869149096202,151.76621957277695,182.61778440139096,211.59378042722304,46.99061655456667,53.92178270820995,60.14595769946775,82.00178837555887,211.76083457526082,0.056015896671634376,1.5027322404371584,50325.0
2026-01-21T13:13:58.013909+00:00,bird,1,bird/singleBirdinsky186.jpeg,122.56101341281669,20.10255272587764,20.10255272587764,71.40219904707824,115.82024838549428,121.7485742672628,142.76427223050175,19.503896698509603,20.16166440497439,21.801542014432442,48.74821659215102,142.76427223050175,0.0019076005961251863,1.5027322404371584,50325.0
2026-01-21T13:13:58.031578+00:00,drone,0,drone/singleDronesinsky10.jpeg,206.12039666666666,49.38782668474748,49.38782668474748,60.798345637527085,193.44306916666667,209.22741583333334,223.04187666666667,46.90515771796192,49.74875606021471,54.347914461778466,35.977775,223.45141666666666,0.011660833333333334,1.2,1200000.0
2026-01-21T13:13:58.032971+00:00,bird,1,bird/singleBirdinsky361.jpeg,148.95281032770606,49.595241522499386,49.595241522499386,715.3487614109379,219.3758291956306,135.84474677259186,31.832313803376366,36.0046474943758,59.6387198835204,70.20668129048737,220.77283018867925,219.44993048659384,0.012889771598808341,1.394736842105263,50350.0
2026-01-21T13:13:58.046797+00:00,drone,0,drone/118.JPEG,152.20759760331978,29.92366866660064,29.92366866660064,39.90130183997895,159.56210408197833,147.1187648204607,159.38337991192412,24.787424070821505,31.602874539059147,40.26868730934153,34.96977261178862,168.28859036246612,0.006780360772357724,1.7344173441734418,944640.0
2026-01-21T13:13:58.076220+00:00,drone,0,drone/271.JPEG,99.42457616590214,53.36111335664907,53.36111335664907,11.588146976022603,95.40911553899083,100.42135273318043,104.48368883792048,51.415534279849034,53.531326807182644,57.512331633724614,31.032041284403668,105.14107845948013,0.005103688837920489,1.761467889908257,2092800.0
2026-01-21T13:13:58.077603+00:00,bird,1,bird/singleBirdinsky218.jpeg,196.34359126984128,34.69197194253321,34.69197194253321,861.5154761841774,182.9767261904762,198.40400793650792,220.22021825396826,27.67382928648309,36.59151649186653,45.427878650477666,50.559980158730156,222.80418650793652,0.026587301587301587,1.7857142857142858,50400.0
2026-01-21T13:13:58.079002+00:00,bird,1,bird/singleBirdinsky101.jpeg,208.65046406473107,58.67938375885244,58.67938375885244,3114.764864782752,202.743594320165,208.95783753768046,222.83950103125497,70.4140732869526,55.489982123156096,52.723469168963575,33.82657068062827,222.84152387751865,0.04238061240679042,1.382198952879581,50424.0
2026-01-21T13:13:58.080352+00:00,bird,1,bird/singleBirdinsky82.jpeg,152.09575733544807,57.08469949276269,57.08469949276269,1007.4026983131314,137.03068992862808,157.62430610626487,163.24732355273593,84.93210243499428,51.464844564277584,45.51851494707735,82.71792228390167,179.64710547184774,0.030927835051546393,1.3402061855670102,50440.0
2026-01-21T13:13:58.123250+00:00,drone,0,drone/singleDronesinsky6.jpeg,142.2886496966575,33.189198951767985,33.189198951767985,299.13542549575817,102.62975188873627,156.06283446371336,175.39595567193223,47.909144473502614,30.957684184529473,61.51502990258435,133.98125357715202,189.30404575892857,0.040888636103479856,1.5003663003663004,2795520.0
2026-01-21T13:13:58.161078+00:00,drone,0,drone/110.JPEG,100.74427286783855,64.96941064231727,64.96941064231727,45.426781669921176,111.50615193684895,96.2530790201823,95.65929931640625,67.15265237580341,64.91066046529987,66.58533847258751,64.02432861328126,114.6737910970052,0.008599446614583334,1.5,2457600.0
2026-01-21T13:13:58.190335+00:00,drone,0,drone/223.JPEG,129.64529768730887,42.348997721327756,42.348997721327756,3.9380800839873515,133.446937117737,127.08302226681957,132.8368396406728,35.08769939968037,44.26337052208327,60.378874095102596,61.14615300076453,148.44272410168196,0.001341743119266055,1.761467889908257,2092800.0
2026-01-21T13:13:58.191730+00:00,bird,1,bird/singleBirdinsky232.jpeg,147.41805484113482,46.471504193400385,46.471504193400385,1419.6421951117052,119.03086297629882,151.5534958255846,200.23663593558342,41.347367900585326,47.336932126852105,60.717427762213056,100.59779211015709,200.4214972500297,0.02037747794088553,1.2763819095477387,50546.0
2026-01-21T13:13:58.193095+00:00,bird,1,bird/singleBirdinsky192.jpeg,192.7847865684644,40.54457996917511,40.54457996917511,375.8697889500488,158.90617327948047,201.63587946463926,236.0264908529342,74.09813109318854,31.43087000636187,13.970913961005287,83.32652253108418,236.02835194424645,0.015581690029302288,1.5081967213114753,50508.0
2026-01-21T13:13:58.222421+00:00,drone,0,drone/234.JPEG,114.0460440558104,46.45799465813359,46.45799465813359,29.58482600954474,118.9815677561162,111.4319122706422,114.4922878440367,45.095546214743365,50.10997980849928,62.65031242800735,92.44318998470948,140.87508362003058,0.008118788226299694,1.761467889908257,2092800.0
2026-01-21T13:13:58.224033+00:00,bird,1,bird/singleBirdinsky194.jpeg,169.59797317436662,36.35865997061352,36.35865997061352,108.67689716040967,148.70440139095876,174.23503229011425,200.2251962245405,42.565378409540536,35.178274252660266,29.141147113073945,69.43091902632887,200.43513164431198,0.0045901639344262295,1.5027322404371584,50325.0
2026-01-21T13:13:58.253593+00:00,drone,0,drone/89.JPEG,139.3438527199074,48.17147202827682,48.17147202827682,9.590727696536877,132.65215181327162,141.13976948302468,147.47655719521606,53.86136741654485,46.789547651889805,41.96685581606202,38.26588252314815,149.64863233024693,0.003224826388888889,1.7777777777777777,2073600.0
2026-01-21T13:13:58.255245+00:00,bird,1,bird/singleBirdinsky95.jpeg,166.62813710879286,24.732777087321725,24.732777087321725,162.92545535351562,198.12160953800299,164.0156383507203,97.33913561847989,29.60980079336738,25.585478794405166,34.88126733900803,127.35348236462991,198.19068057625435,0.002245404868355688,1.5027322404371584,50325.0
2026-01-21T13:13:58.256564+00:00,bird,1,bird/singleBirdinsky38.jpeg,183.8076065756478,30.126414101059556,30.126414101059556,949.7697329124783,152.3911356127851,193.19953827170323,217.8579190383314,44.84698695808984,26.754416057822496,22.714324691547034,78.037216892887,217.88619989650917,0.017294909047486366,1.3350515463917525,50246.0
2026-01-21T13:13:58.258227+00:00,bird,1,bird/singleBirdinsky272.jpeg,164.69107864100735,50.249087895443246,50.249087895443246,853.5049739408831,180.63475093054566,159.48378474697077,149.4592143818801,54.580092115324526,51.42410503292433,49.41077398544163,56.6875940445078,184.98986299200126,0.040983606557377046,0.6630434782608695,50508.0
2026-01-21T13:13:58.264820+00:00,bird,1,bird/singleBirdinsky16.jpeg,145.94493902439024,20.401981454648755,20.401981454648755,30.69521807575597,174.4293644465291,137.16145872420262,116.4716533771107,20.958591608534498,24.324785083414408,31.218564052453043,82.85720450281426,174.42963649155723,0.001575984990619137,1.5009380863039399,426400.0
2026-01-21T13:13:58.266391+00:00,drone,0,drone/singleDronesinsky16.jpeg,170.54314952806757,41.53220993413319,41.53220993413319,535.7546460254742,182.0852657724789,165.29261798310978,166.96075509190263,52.07114417915726,37.84299536523541,41.07369879936834,47.813929458519624,189.7028315946349,0.022811723795330353,1.5027322404371584,50325.0
2026-01-21T13:13:58.267683+00:00,drone,0,drone/singleDronesinsky55.jpeg,155.71621995572423,34.31090432552549,34.31090432552549,87.57228321754236,132.6548663820367,159.63096932321315,195.71325506008856,47.82458935412565,31.40218673181624,15.644649056497833,85.5246481657179,195.71801865907653,0.010060879190385832,1.4623655913978495,50592.0
2026-01-21T13:13:58.299169+00:00,drone,0,drone/200.JPEG,137.95898843654433,49.72177987781175,49.72177987781175,96.74568877899466,134.92901328363914,138.3962891819572,143.73255638379206,45.82542395513882,51.3405442151206,59.812740298758314,59.72719705657492,154.35484136085626,0.021414373088685015,1.761467889908257,2092800.0
2026-01-21T13:13:58.300665+00:00,drone,0,drone/singleDronesinsky287.jpeg,150.57743648914794,56.63518219573767,56.63518219573767,459.76622896636053,138.86913879881433,154.09728052201245,163.07774484254082,59.3369798671996,56.410705283695236,58.99276752712646,61.858614995921776,169.3968607635228,0.03368014800962858,1.8023952095808384,50267.0
2026-01-21T13:13:58.334126+00:00,drone,0,drone/69.JPEG,111.78937977828747,66.12308290360676,66.12308290360676,450.25333380118883,114.0945924120795,111.07405342125382,109.29900946100918,64.99416599760592,67.15801448618119,69.55007960171189,61.12873184250765,122.6588006498471,0.1381670489296636,1.761467889908257,2092800.0
2026-01-21T13:13:58.335492+00:00,drone,0,drone/singleDronesinsky290.jpeg,196.17981512471113,59.77768049297343,59.77768049297343,651.0548526146141,204.0326121603315,194.89594788429358,182.04275241055063,58.28783597572274,61.07978201348136,60.417413473033704,41.5484899195155,205.20722766754324,0.023726990198422185,1.5842696629213484,50196.0
2026-01-21T13:13:58.336755+00:00,bird,1,bird/singleBirdinsky344.jpeg,87.0689975308642,74.71726195734466,74.71726195734466,1639.7711937067156,87.24458271604938,86.89046913580246,88.74901728395062,74.706158283423,74.72248887537492,73.97913980437163,10.482824691358024,88.75324444444445,0.040355555555555554,1.0,50625.0
2026-01-21T13:13:58.337921+00:00,drone,0,drone/singleDronesinsky177.jpeg,126.69475099877378,38.86923752308839,38.86923752308839,389.78808416608433,91.86129899924845,137.23606661128912,163.72501087773426,45.75120267682987,39.32053599615641,48.452313536737336,125.98688738578379,168.8295162374906,0.027135002571100828,2.0,50562.0
2026-01-21T13:13:58.346823+00:00,drone,0,drone/220.JPEG,138.5103377110694,53.76906709306532,53.76906709306532,2467.964819616388,148.2191346153846,136.5915994371482,122.89907833020638,54.27833938903112,54.20467608731494,62.55672000452576,68.8329385553471,154.96090290806754,0.1812406191369606,1.5009380863039399,426400.0
2026-01-21T13:13:58.381033+00:00,drone,0,drone/87.JPEG,113.43860760703365,56.58291525562966,56.58291525562966,1064.611920310602,114.43109661697248,117.76939411314984,88.43225344036698,55.778748973018935,57.043840295087904,62.38644619783778,79.19295967125382,121.40606125764526,0.11567182721712538,1.761467889908257,2092800.0
2026-01-21T13:13:58.382552+00:00,bird,1,bird/singleBirdinsky358.jpeg,158.6011682011682,32.81927343894158,32.81927343894158,530.059221686332,216.61067221067222,141.74327294327296,93.08973368973369,55.671841697378674,27.90812400265626,13.297077223406712,137.77740817740818,217.32523512523514,0.013305613305613306,1.4756756756756757,50505.0
2026-01-21T13:13:58.383778+00:00,bird,1,bird/singleBirdinsky237.jpeg,111.27049180327869,60.32264503762764,60.32264503762764,597.760650440452,103.69765185713155,113.43228795438347,120.02985665637127,65.8438372367925,59.34619486297152,53.913958819350356,64.18767323988278,123.60776510651777,0.010730973311158628,1.5081967213114753,50508.0
2026-01-21T13:13:58.384904+00:00,bird,1,bird/singleBirdinsky362.jpeg,77.42393970564963,7.090475073327148,7.090475073327148,144.92544307639042,41.59649469852825,83.82661417945877,138.71326554834627,11.430477927974149,8.661936487818492,21.99258999212472,174.5050838740307,138.72667748061403,0.004589333755341035,1.595505617977528,50552.0
2026-01-21T13:13:58.393471+00:00,drone,0,drone/59.JPEG,90.85865884800909,57.92416635182102,57.92416635182102,63.04253260395009,89.55086730350894,92.41807434030076,86.27238437529556,57.63005872823527,57.80558561561412,62.60779947326155,50.69846779532772,97.28721460323466,0.018832876194079258,1.7798165137614679,528650.0
2026-01-21T13:13:58.394815+00:00,bird,1,bird/singleBirdinsky162.jpeg,112.64291949371106,40.957281974174556,40.957281974174556,914.8246231458785,156.79050113081777,95.78197040034917,83.63706701583145,64.727108489586,34.90143126962119,29.489056645636094,106.72953616632941,157.51206205610444,0.022120382494147522,1.456989247311828,50406.0
2026-01-21T13:13:58.408033+00:00,drone,0,drone/45.JPEG,122.46675664803523,80.2141041376336,80.2141041376336,69.97348196137763,121.14861322831979,124.24987826050136,116.73980140582655,79.67695295779187,79.37385124751552,87.66538534805373,55.10754679031165,129.3513423102981,0.0066067496612466125,1.7344173441734418,944640.0
2026-01-21T13:13:58.409373+00:00,bird,1,bird/singleBirdinsky365.jpeg,201.31008445106806,38.70960840738353,38.70960840738353,104.10317425556536,178.693651266766,206.85663189269746,231.78758072528564,45.97054674289431,36.99731562048556,30.306080649776966,62.2927173373075,231.83590660705414,0.002762046696472926,1.5027322404371584,50325.0
2026-01-21T13:13:58.410739+00:00,bird,1,bird/singleBirdinsky287.jpeg,155.00401390958768,25.811614197973412,25.811614197973412,3421.750892970555,118.53263785394932,163.28667660208643,207.6855042225534,21.755467827055945,27.42604529620344,35.393757108169495,110.71101838052658,208.210173869846,0.06340784898161947,1.5027322404371584,50325.0
2026-01-21T13:13:58.411979+00:00,bird,1,bird/singleBirdinsky249.jpeg,209.1057280088917,17.806526885054645,17.806526885054645,603.2224464524645,229.08663464591933,202.352989044141,191.32665131787869,17.434170996938157,18.723552899759678,22.464852038241393,42.5524968243887,229.13996506827564,0.02860034931724357,1.425531914893617,50384.0
2026-01-21T13:13:58.413412+00:00,bird,1,bird/singleBirdinsky39.jpeg,147.48819396338448,58.78907326394953,58.78907326394953,17647.229171413765,199.83040079168728,138.78695695200395,54.90127659574468,71.85412922909393,63.68844391462109,33.92458661202557,186.9756358238496,199.88985650667985,0.2177337951509154,0.9148936170212766,50525.0
2026-01-21T13:13:58.414587+00:00,bird,1,bird/singleBirdinsky26.jpeg,230.23390873015873,20.051912513177246,20.051912513177246,714.449463931406,213.69327380952382,236.53021825396826,241.2398611111111,28.910112925437293,17.520541219805537,16.818982165750132,30.271587301587303,241.72823412698412,0.011984126984126984,1.26,50400.0
2026-01-21T13:13:58.415634+00:00,bird,1,bird/singleBirdinsky23.jpeg,203.92612021857923,25.033658540254123,25.033658540254123,164.87799147804546,210.87767511177347,197.28951813214107,219.7628614008942,31.918359271413028,26.1222719022602,28.48112019234837,39.59920516641828,227.9740685543964,0.009855936413313462,1.5027322404371584,50325.0
2026-01-21T13:13:58.446120+00:00,drone,0,drone/227.JPEG,118.66738675458716,36.70515424657146,36.70515424657146,132.0882047642574,104.20760990061162,123.41721521406728,132.36579271788992,49.08974259439448,38.08745205318924,42.23266884445027,108.1640634556575,150.4171158256881,0.01889191513761468,1.761467889908257,2092800.0
2026-01-21T13:13:58.447385+00:00,bird,1,bird/singleBirdinsky35.jpeg,179.37677098857426,39.45801092094946,39.45801092094946,233.8542242730745,159.91980129160456,181.48260307998012,219.46255340288127,53.27772156224067,36.3847186330319,20.911664175690916,73.13885742672628,219.46666666666667,0.014346746150024839,1.5027322404371584,50325.0
2026-01-21T13:13:58.456511+00:00,drone,0,drone/280.JPEG,152.50716824001736,53.67349758378261,53.67349758378261,75.38191730665893,125.4111565483941,158.70320638020834,191.78988477918836,49.052351381370194,56.001946498648856,68.58315543392241,91.2874755859375,194.44005839029947,0.012881808810763888,1.7777777777777777,589824.0
2026-01-21T13:13:58.457742+00:00,bird,1,bird/singleBirdinsky109.jpeg,154.24347739692,7.1576799970382,7.1576799970382,82.5218479864981,135.33796323894686,159.32127173373075,177.86086438152012,9.950732007545021,6.832992751173275,7.6352540409754255,61.48890213611525,178.1040039741679,0.004669647292598112,1.5027322404371584,50325.0
2026-01-21T13:13:58.458954+00:00,bird,1,bird/singleBirdinsky87.jpeg,189.2490480723465,50.10143535521803,50.10143535521803,2121.9139604703596,180.57141440583848,191.62807393304774,199.55838489608124,65.24941117245173,46.52941492057077,38.307111031374895,31.89522846263684,200.58224258289704,0.05695700460098366,1.382198952879581,50424.0
2026-01-21T13:13:58.460159+00:00,drone,0,drone/singleDronesinsky138.jpeg,183.03503229011426,32.16736697375607,32.16736697375607,327.6826820227883,153.9228216592151,192.221261798311,212.0782513661202,50.08781245541465,26.480543429571096,18.280546965003435,73.44443119721808,212.18253353204173,0.0061997019374068554,1.5027322404371584,50325.0
2026-01-21T13:13:58.522784+00:00,drone,0,drone/14.JPEG,121.56204509337603,49.93988927569542,49.93988927569542,201.8440921642904,122.89965660074692,121.13212680801504,120.22711470713678,38.39100211349572,53.11180769574228,80.53447593265896,112.04976966879651,149.5191189381991,0.056190925190302915,1.7774816788807462,4004668.0
2026-01-21T13:13:58.524749+00:00,bird,1,bird/singleBirdinsky340.jpeg,108.0318132141083,17.7270770614744,17.7270770614744,136.14212346385355,39.19101838052658,121.71022354694486,218.0237655240934,31.092191725499845,17.16030678517877,24.78585945936228,207.75761549925485,218.02551415797316,0.006279185295578738,1.5027322404371584,50325.0
2026-01-21T13:13:58.555560+00:00,drone,0,drone/270.JPEG,130.3745881116208,55.745188001765115,55.745188001765115,35.089087347050054,133.27427131116207,129.17031488914373,128.96366016819573,50.69142266615095,58.300945949044156,66.64304372040861,59.01779673165137,144.80679711391437,0.005140003822629969,1.761467889908257,2092800.0
2026-01-21T13:13:58.557052+00:00,bird,1,bird/singleBirdinsky389.jpeg,198.77869846000993,34.94172577299259,34.94172577299259,2692.3074217581748,185.1820963735718,201.72345752608047,219.43626428216592,40.52126554204979,33.92878909461015,28.834145465282408,42.20441132637854,219.49323397913562,0.0568107302533532,1.5027322404371584,50325.0
2026-01-21T13:13:58.558286+00:00,bird,1,bird/singleBirdinsky46.jpeg,128.98203676105317,56.85200661331923,56.85200661331923,172.64578019327428,113.86074515648286,133.17343268753106,146.89007451564828,74.46466725027794,51.044034500736075,41.9504748795219,87.40878291107799,148.8179433681073,0.012836562344759066,1.5027322404371584,50325.0
2026-01-21T13:13:58.588150+00:00,drone,0,drone/175.JPEG,46.552935301987766,43.71549697617175,43.71549697617175,9.882857225866353,49.969994266055046,45.5601748853211,42.49471808103976,42.04052380842945,44.295394181427824,47.2245460256707,65.91840500764526,52.473069571865445,0.005528956422018349,1.761467889908257,2092800.0
2026-01-21T13:13:58.589521+00:00,bird,1,bird/singleBirdinsky156.jpeg,134.40719324391455,20.548179384722634,20.548179384722634,157.39682066211947,108.59948335817188,140.14817685047194,171.5960258320914,18.780626088486912,21.04224976366037,25.842490227257127,96.06120218579235,172.19171385991058,0.011048186785891704,1.5027322404371584,50325.0
2026-01-21T13:13:58.596461+00:00,drone,0,drone/216.JPEG,115.04169396669397,52.95309706991054,52.95309706991054,4198.925407334115,114.54374488124488,118.64964851214852,97.77141004641004,54.832873335311156,53.53712528067779,57.81807860168465,77.56893939393939,127.49843024843025,0.2857971607971608,1.769041769041769,293040.0
2026-01-21T13:13:58.597832+00:00,drone,0,drone/singleDronesinsky20.jpeg,159.5238492063492,32.02765401479707,32.02765401479707,2388.932770874276,167.5725,157.84678571428572,146.75053571428572,33.775144391558634,32.34821481277026,31.869428702506124,36.61535714285714,168.4117857142857,0.12726190476190477,1.7857142857142858,50400.0
2026-01-21T13:13:58.628228+00:00,drone,0,drone/168.JPEG,117.68236716360856,38.45671039250563,38.45671039250563,155.39373709179046,105.02126290137615,121.639875764526,130.66621941896025,51.314744378639766,39.419119461411185,42.53795510310758,108.0370126146789,149.3265954701835,0.021895546636085627,1.761467889908257,2092800.0
2026-01-21T13:13:58.660274+00:00,drone,0,drone/272.JPEG,124.87927035550459,59.027923393913674,59.027923393913674,95.77469353776416,139.58111907492355,121.48844610091743,103.70454080657493,60.55325881775073,59.22099537582978,59.60285983123212,76.43347142584098,140.7733362003058,0.05163560779816514,1.761467889908257,2092800.0
2026-01-21T13:13:58.661794+00:00,bird,1,bird/singleBirdinsky221.jpeg,116.63463487332339,23.483554627265427,23.483554627265427,218.2105712199072,71.76912071535023,125.64433184302037,188.0296472925981,17.88747763678521,25.827827233927326,28.86850526868126,158.70489816194734,188.05778440139096,0.01812220566318927,1.5027322404371584,50325.0
2026-01-21T13:13:58.663258+00:00,bird,1,bird/singleBirdinsky93.jpeg,127.01180327868852,30.941655586751168,30.941655586751168,417.1732897616066,108.27252856433185,129.98326875310482,161.04629905613513,35.36549444208912,30.09844285904666,26.349635124630787,88.14428216592151,161.21589667163437,0.03940387481371088,1.5027322404371584,50325.0
2026-01-21T13:13:58.693220+00:00,drone,0,drone/281.JPEG,134.9093926796636,72.35620175242416,72.35620175242416,24.24491494134597,135.7731044533639,133.42855265672782,140.45458046636085,73.02696035185397,72.27056727549245,71.68135714602035,35.47929759174312,141.66352303134556,0.002284499235474006,1.761467889908257,2092800.0
2026-01-21T13:13:58.694609+00:00,bird,1,bird/singleBirdinsky205.jpeg,203.38849206349207,10.663698736461026,10.663698736461026,18.59291664737654,198.83732142857144,205.53234126984128,203.47992063492063,12.030776669429931,10.05932529898683,9.852479020573657,8.49484126984127,205.53234126984128,0.0005952380952380953,1.7857142857142858,50400.0
2026-01-21T13:13:58.695871+00:00,bird,1,bird/singleBirdinsky112.jpeg,151.9775508582327,84.78590664069922,84.78590664069922,1273.3358777710544,146.1744874443738,152.54851398601397,164.27169421487602,89.18776628047128,83.22573470133815,82.8557875966503,60.27040289256198,165.16850762873491,0.11596074380165289,1.625,50336.0
2026-01-21T13:13:58.697192+00:00,bird,1,bird/singleBirdinsky339.jpeg,146.1080774962742,26.556118785279207,26.556118785279207,302.51866334064545,124.2117436661699,149.58519622454048,185.5896472925981,36.43519849280364,24.326805419562543,13.560726736141719,86.75280675608545,185.5896472925981,0.032568306010928964,1.5027322404371584,50325.0
2026-01-21T13:13:58.698346+00:00,drone,0,drone/singleDronesinsky140.jpeg,172.8344162940884,41.03191909137913,41.03191909137913,1194.1027322388577,212.83980129160457,164.68830601092895,109.93039244908097,46.71958616369332,40.88444082534748,35.73218513386937,126.88838549428714,212.90583209140587,0.03805265772478887,1.5027322404371584,50325.0
2026-01-21T13:13:58.699428+00:00,bird,1,bird/singleBirdinsky111.jpeg,128.0517653146519,81.53215576961085,81.53215576961085,124.35871812556995,180.00133343947778,115.68686064562353,55.668192492934764,74.76035309620634,91.31696983326091,68.95935924460079,194.12600007960833,180.03192293913943,0.002865899773116268,1.3350515463917525,50246.0
2026-01-21T13:13:58.730853+00:00,drone,0,drone/88.JPEG,129.60931957186546,46.64705701180628,46.64705701180628,110.94076914164057,129.81193759556575,131.6361663799694,118.56105600152905,46.26714409686314,46.2244031717771,56.84558076707209,42.26709862385321,136.23329701834862,0.04487289755351682,1.761467889908257,2092800.0
2026-01-21T13:13:58.747195+00:00,drone,0,drone/259.JPEG,150.32374002900653,54.28876630640009,54.28876630640009,59.976099478515366,122.65312182741117,156.50687092095723,191.1807722987672,49.45371828324029,56.67944067803661,69.94561699870542,94.10840464104423,193.836609862219,0.01015319071791153,1.7766497461928934,1103200.0
2026-01-21T13:13:58.748644+00:00,bird,1,bird/singleBirdinsky77.jpeg,110.44518628912071,21.701982779458913,21.701982779458913,40.35976834174488,104.95598609041232,112.7905613512171,112.6905911574764,33.45605373068983,19.799002176025336,19.56035874608313,68.86044709388972,125.94905116741182,0.00172876304023845,1.5027322404371584,50325.0
2026-01-21T13:13:58.765467+00:00,drone,0,drone/56.JPEG,87.49492928523036,44.339056157610564,44.339056157610564,471.5351292778185,82.4209466039973,94.51420964600271,64.75950203252033,41.78372434704574,48.890165755201274,32.87588407503961,78.6245913787263,95.90357702405149,0.14637533875338754,1.7344173441734418,944640.0
2026-01-21T13:13:58.766961+00:00,drone,0,drone/singleDronesinsky174.jpeg,141.33184523809524,39.48361094808653,39.48361094808653,1003.7619825144872,91.53924603174603,150.25363095238095,225.44636904761904,32.51484470846599,41.26643271424175,63.934641887201934,150.83674603174603,226.1432738095238,0.05005952380952381,1.7857142857142858,50400.0
2026-01-21T13:13:58.768276+00:00,bird,1,bird/singleBirdinsky269.jpeg,211.76507936507937,39.25447162367644,39.25447162367644,613.1462202282534,200.72444444444446,214.6067857142857,225.91083333333333,45.27694564821086,37.54050386109059,33.84590057619227,31.919384920634922,225.91934523809525,0.008373015873015872,1.7857142857142858,50400.0
2026-01-21T13:13:58.769485+00:00,bird,1,bird/singleBirdinsky346.jpeg,108.9605623734064,35.78854346656637,35.78854346656637,548.6243349644031,20.35688470550856,135.83895309583383,202.88637356527263,56.25447986768994,30.84788098366046,21.193859255749476,232.7024901703801,203.10193017991182,0.012053695539934073,0.9437229437229437,50358.0
2026-01-21T13:13:58.770683+00:00,drone,0,drone/singleDronesinsky175.jpeg,116.47969623666575,49.56777645449899,49.56777645449899,806.89897615375,102.02472538366975,110.74786850140778,183.97004005234564,59.542624312953265,45.612522390582846,56.10246280902361,131.2772336122457,184.39394059562994,0.038386802553832734,1.8083832335329342,50434.0
2026-01-21T13:13:58.771809+00:00,bird,1,bird/singleBirdinsky385.jpeg,163.60182545339353,20.847418527571808,20.847418527571808,400.1040390008152,138.13457274095194,170.93003088619625,192.52084818246615,24.66586733255332,20.167700301395197,19.561243713531518,74.027995565059,193.1383543201077,0.021224360497346956,1.5081967213114753,50508.0
2026-01-21T13:13:58.773007+00:00,bird,1,bird/singleBirdinsky250.jpeg,136.02461129620815,15.984791961103868,15.984791961103868,806.3793709259804,124.79884578772014,137.03478502300493,158.7064889735047,30.048904653703637,13.145111901466015,12.526769714486212,53.6145089639854,158.7064889735047,0.022072822465492623,1.382198952879581,50424.0
2026-01-21T13:13:58.774326+00:00,bird,1,bird/singleBirdinsky371.jpeg,110.6751912568306,14.71503563523826,14.71503563523826,546.466532248186,12.92127173373075,143.62553402881272,196.97510183805267,33.97521205014241,15.239895996383495,25.308919316552124,240.84162940884252,199.4571087928465,0.044709388971684055,1.5027322404371584,50325.0
2026-01-21T13:13:58.775577+00:00,bird,1,bird/singleBirdinsky396.jpeg,187.4175968222443,41.53943762303534,41.53943762303534,1395.1733679678198,134.57970208540218,202.86705064548164,246.21666335650445,70.80364973221936,33.74364658636936,16.983284860015242,117.0482423038729,246.27453823237337,0.017159880834160875,1.394736842105263,50350.0
2026-01-21T13:13:58.776922+00:00,bird,1,bird/singleBirdinsky313.jpeg,142.89691008445106,38.185018030341546,38.185018030341546,924.3590038674103,156.45148534525583,140.22875310481868,120.87648286140089,53.25630903555764,36.89060009602386,32.551340233053956,71.78903129657228,163.3774267262792,0.01410829607550919,1.5027322404371584,50325.0
2026-01-21T13:13:58.778223+00:00,drone,0,drone/singleDronesinsky200.jpeg,97.71371462497527,23.668287242902995,23.668287242902995,495.24609136464375,51.30247377795369,106.16020186028102,176.44272709281614,18.299316138087388,26.023081203280057,31.890498487326415,182.25325549178706,176.48264397387692,0.017870571937462894,2.1032258064516127,50530.0
2026-01-21T13:13:58.779453+00:00,bird,1,bird/singleBirdinsky216.jpeg,161.86087352498615,11.998506214821433,11.998506214821433,2.2443567023412134,164.9489189831314,161.15183733269976,157.43131781103983,18.92109627154045,10.349128938078627,6.90594980146115,20.947790449037775,168.376019640453,0.0,1.5081967213114753,50508.0
2026-01-21T13:13:58.780709+00:00,drone,0,drone/singleDronesinsky28.jpeg,188.67926587301588,55.08113610141827,55.08113610141827,1744.9648805492566,174.49416666666667,191.69660714285715,210.44670634920635,58.04596056058331,54.698041921771036,55.281279096245086,50.276448412698414,211.35077380952382,0.07130952380952381,1.7857142857142858,50400.0
2026-01-21T13:13:58.781924+00:00,drone,0,drone/singleDronesinsky89.jpeg,171.67010350160606,62.029704212933474,62.029704212933474,2679.6398988771753,165.16147836776778,175.4557837966451,169.35014077804655,58.270109807292265,62.053010860999365,76.37121444422276,47.86961176983781,183.6670103501606,0.1271364555656898,1.8083832335329342,50434.0
2026-01-21T13:13:58.903705+00:00,drone,0,drone/108.JPEG,126.92948555153811,43.95615755734534,43.95615755734534,83.79241933438115,126.00722745925161,127.9066193420952,124.04228136000152,41.89014198768504,44.62830710079571,47.07732223332153,19.04541006657484,130.02768666781452,0.024878400482093666,1.7630853994490359,8363520.0
2026-01-21T13:13:58.918592+00:00,drone,0,drone/266.JPEG,142.4946551067073,84.04107103516513,84.04107103516513,68.66092056211097,141.04110031334687,144.19310107554202,137.58325182079946,83.08941224316315,83.34973336616056,91.75620017067527,49.63538808434959,149.67336869071815,0.005114117547425474,1.7344173441734418,944640.0
2026-01-21T13:13:58.952756+00:00,drone,0,drone/203.JPEG,82.81079749617737,45.3724873663472,45.3724873663472,259.49999417231373,112.76775611620795,71.45562165519878,62.61362528669725,63.32597786504662,50.956129411477185,41.61107008604247,115.52691609327218,113.34581374235474,0.10632645259938837,1.761467889908257,2092800.0
2026-01-21T13:13:58.954141+00:00,bird,1,bird/singleBirdinsky94.jpeg,165.52658918122836,53.57032279605443,53.57032279605443,862.7470138832717,189.34398758110098,158.15392270031444,140.83666361501412,49.19301659984451,59.49573947435197,56.737280376853846,72.32265254945668,189.59712215897784,0.06402499701468774,1.3350515463917525,50246.0
2026-01-21T13:13:58.955295+00:00,bird,1,bird/singleBirdinsky86.jpeg,161.86087352498615,11.998506214821433,11.998506214821433,2.2443567023412134,164.9489189831314,161.15183733269976,157.43131781103983,18.92109627154045,10.349128938078627,6.90594980146115,20.947790449037775,168.376019640453,0.0,1.5081967213114753,50508.0
2026-01-21T13:13:58.956420+00:00,bird,1,bird/singleBirdinsky65.jpeg,211.66262313928365,21.42243462835889,21.42243462835889,152.49758334802146,184.23024320627937,222.08299141741492,230.13696457949297,36.15535531895371,18.019073050972594,16.826872433678886,51.42385681155973,230.22962874868685,0.0029533606866068065,0.8007968127490039,50451.0
2026-01-21T13:13:58.957641+00:00,bird,1,bird/singleBirdinsky145.jpeg,180.344043715847,26.348132532881145,26.348132532881145,251.08429917903229,174.3293392945852,181.0747739692002,192.40669647292597,32.87861355985245,25.167889565622307,18.113462094721225,29.490829607550918,194.00655737704918,0.02760059612518629,1.5027322404371584,50325.0
2026-01-21T13:13:58.959057+00:00,bird,1,bird/singleBirdinsky107.jpeg,124.1225513616818,23.608030372340362,23.608030372340362,13.451686946893538,123.95482959069916,124.09900063704411,124.66065456282847,24.102192460544046,23.776496803429847,21.835133235957937,9.04047220895047,126.26809603440039,0.0005972288580984234,1.7797619047619047,50232.0
2026-01-21T13:13:58.995830+00:00,drone,0,drone/105.JPEG,97.74694094036697,46.909383176869376,46.909383176869376,885.8590547200712,93.96939793577981,106.42385846712538,63.03826022553517,47.20770945164738,47.66629716455659,47.23425656295428,116.03907683486239,107.0720365061162,0.21927561162079512,1.761467889908257,2092800.0
2026-01-21T13:13:59.004621+00:00,drone,0,drone/255.JPEG,160.4051744529864,42.49696375831408,42.49696375831408,133.52926946105487,154.88382810959985,160.44110979696433,174.6689946777055,35.13851937842075,44.414863301732,61.91756085663436,60.60369603784743,185.10484328799527,0.06889217425586439,1.7790262172284643,507300.0
2026-01-21T13:13:59.037737+00:00,drone,0,drone/132.JPEG,123.10542383409786,53.41142718478282,53.41142718478282,312.540910554128,128.2882573585627,125.53230695718655,96.99271788990826,51.436274590620854,52.83912743076204,69.32476391815023,94.71329080657492,133.74481555810397,0.10270928899082568,1.761467889908257,2092800.0
2026-01-21T13:13:59.159590+00:00,drone,0,drone/77.JPEG,126.7606102454469,42.69334066693126,42.69334066693126,86.56017884311323,125.66814391548057,127.77479530149985,124.0832833543771,40.57462322277197,43.32148078401724,46.25177549098799,19.92411221590909,130.1372611053719,0.026385301882460972,1.7630853994490359,8363520.0
2026-01-21T13:13:59.189550+00:00,drone,0,drone/290.JPEG,135.34989678899083,74.96135133512348,74.96135133512348,140.74949672565637,137.64076548165139,133.93436831039756,136.66648556957188,74.2401917299969,74.8623696137533,78.51172568974283,34.59814267966361,140.61132836391437,0.017978306574923546,1.761467889908257,2092800.0
2026-01-21T13:13:59.191183+00:00,bird,1,bird/singleBirdinsky32.jpeg,136.53420990004759,43.2078028498619,43.2078028498619,1331.9432236241464,113.7665000793273,142.44282484531175,165.7576352530541,55.517990227071486,40.58619023676518,32.90364102440293,85.53284150404569,165.84086942725685,0.07599555767095034,1.382198952879581,50424.0
2026-01-21T13:13:59.219548+00:00,drone,0,drone/111.JPEG,103.63090118501529,30.94817882157392,30.94817882157392,81.03011372324158,62.25461200305811,111.53817899464832,171.0162313646789,43.75761556416124,28.93433043239103,17.206319758159147,166.51409308103976,171.7931178325688,0.008305141437308868,1.761467889908257,2092800.0
2026-01-21T13:13:59.220949+00:00,drone,0,drone/singleDronesinsky283.jpeg,179.64029806259313,64.31661850028388,64.31661850028388,1270.7400486603594,174.54012916045704,181.49076999503228,183.3975956284153,58.906727524313006,64.40555757271737,79.92625482166423,43.954018877297564,191.64631892697466,0.08667660208643815,1.5027322404371584,50325.0
2026-01-21T13:13:59.252920+00:00,drone,0,drone/210.JPEG,108.57485330657492,80.39128124464291,80.39128124464291,527.9760571325363,107.20008266437308,109.38053899082568,108.05355839067278,78.5823876537385,80.84386653779836,84.16515758234169,31.620538035168195,113.05664564220183,0.07097333715596331,1.761467889908257,2092800.0
2026-01-21T13:13:59.254259+00:00,bird,1,bird/singleBirdinsky355.jpeg,168.3858519622454,22.10689899423984,22.10689899423984,1240.2361053154495,123.72238450074515,176.82016890213612,242.41132637853948,21.26195169412294,23.037716555136285,31.83600724114764,124.18422255340288,242.58346746150025,0.025136612021857924,1.5027322404371584,50325.0
2026-01-21T13:13:59.255446+00:00,bird,1,bird/singleBirdinsky149.jpeg,128.8081265903308,102.20872161557114,102.20872161557114,1269.0451446423144,122.68461752544529,129.31868241094148,142.03747216921118,97.66028364005928,102.54092618784541,112.89261152765935,45.425135178117046,142.31496501272264,0.026459128498727735,1.3645833333333333,50304.0
2026-01-21T13:13:59.256612+00:00,bird,1,bird/singleBirdinsky42.jpeg,150.49719960278054,30.600391734141237,30.600391734141237,518.366941968682,106.90395233366435,160.10131082423038,216.1995431976167,42.23758345451563,28.228020410852466,14.48164690600141,130.90556107249256,216.2644885799404,0.012770605759682224,1.394736842105263,50350.0
2026-01-21T13:13:59.257810+00:00,drone,0,drone/singleDronesinsky60.jpeg,131.10672267234688,35.65079151093718,35.65079151093718,630.5641706526134,129.3995978739076,131.12264845818487,135.42989668146438,35.86174584982984,35.91702597126398,35.99411620795623,23.46981068222085,137.61901538829056,0.05550136364541238,1.3769633507853403,50233.0
2026-01-21T13:13:59.259105+00:00,drone,0,drone/singleDronesinsky354.jpeg,66.43765524093394,41.513618721577686,41.513618721577686,1246.0615993356641,31.58849478390462,75.02080476900149,113.64782911077992,56.88014698017609,38.95931341396009,35.01735783484157,197.22618976651765,116.03193243914555,0.06923000496770988,1.5027322404371584,50325.0
2026-01-21T13:13:59.263989+00:00,drone,0,drone/241.JPEG,141.4739236111111,61.98215116529514,61.98215116529514,151.39361186295494,139.7906032986111,141.555546875,145.43821614583334,60.65805322667893,62.4982209160363,64.03794314249976,31.70662326388889,148.3517534722222,0.02515625,1.7777777777777777,230400.0
2026-01-21T13:13:59.265455+00:00,bird,1,bird/singleBirdinsky252.jpeg,119.34060606060606,51.928832929778864,51.928832929778864,321.7312044333788,88.91912568306012,124.67908594138102,171.85671137605564,69.86771360010651,48.60524550365942,27.870257119503897,132.7093691008445,171.9056135121709,0.04437158469945355,0.6654545454545454,50325.0
2026-01-21T13:13:59.271535+00:00,drone,0,drone/34.JPEG,127.96276056507003,65.96456726421106,65.96456726421106,543.3102854884662,130.84066764644132,126.93663957289823,125.63816922107915,65.85224985553347,66.3516084376725,66.20230021025145,28.197138658108635,133.7880627455685,0.049305659698269395,1.7782909930715936,333410.0
2026-01-21T13:13:59.303927+00:00,drone,0,drone/2.JPEG,118.85630733944954,36.88619915423945,36.88619915423945,127.77180473848827,104.44176366590214,123.58411267201835,132.52710101299695,49.185084336435736,38.20938370150618,42.29924154970576,107.83888235856269,150.51475535168197,0.0182707377675841,1.761467889908257,2092800.0
2026-01-21T13:13:59.305272+00:00,bird,1,bird/singleBirdinsky151.jpeg,160.1440039741679,40.48117969688199,40.48117969688199,78.47749494594129,126.10191753601589,166.28288127173374,217.73659215101839,59.33311490969767,35.74105049597311,19.14643560391597,110.9875608544461,217.75077993045207,0.004053651266766021,1.5027322404371584,50325.0
2026-01-21T13:13:59.335015+00:00,drone,0,drone/178.JPEG,118.63588828363915,44.042498378136216,44.042498378136216,9.382624234705938,124.19343845565749,115.4735564793578,120.42419533639143,35.55204334598191,45.99676849994425,64.46481460664556,73.35062261085626,139.81016724006116,0.001583046636085627,1.761467889908257,2092800.0
2026-01-21T13:13:59.336326+00:00,bird,1,bird/singleBirdinsky53.jpeg,173.63455294210817,25.88604497308783,25.88604497308783,56.90171791244654,162.98243842559594,176.67919933475886,185.73952641165755,29.99553549806278,24.997020122882255,21.44812993821407,33.109863783955014,185.897976558169,0.0008909479686386316,1.5081967213114753,50508.0
2026-01-21T13:13:59.337531+00:00,bird,1,bird/singleBirdinsky225.jpeg,223.42984600099354,8.85621476233903,8.85621476233903,34.18008804430418,223.42984600099354,223.42984600099354,223.42984600099354,8.85621476233903,8.85621476233903,8.85621476233903,0.0,223.42984600099354,0.0011525086934923,1.5027322404371584,50325.0
2026-01-21T13:13:59.338884+00:00,bird,1,bird/singleBirdinsky321.jpeg,200.3183024397972,64.83896354704218,64.83896354704218,5479.415129877004,198.44359949302915,199.15828976552598,211.25479245880862,64.9357940318693,64.4635474528976,67.14522251221489,25.172983998732573,212.485345373891,0.08675934727503169,1.3697916666666667,50496.0
2026-01-21T13:13:59.340060+00:00,drone,0,drone/singleDronesinsky53.jpeg,225.29460506706408,39.220842159715936,39.220842159715936,561.7534576288402,210.46740188772975,229.32953800298063,243.40335817188276,58.46670780848855,34.448046640880115,24.22782872439948,36.49995032290114,243.4937903626428,0.01782414307004471,1.5027322404371584,50325.0
2026-01-21T13:13:59.343018+00:00,bird,1,bird/singleBirdinsky14.jpeg,210.09805796547107,26.954792239585537,26.954792239585537,464.9307682942889,181.45647953358718,218.85016603786707,240.3150778610382,22.179198136957535,29.58316705471823,40.8216933106418,69.85814049179663,244.09241905291768,0.021709523561150038,1.5014749262536873,172551.0
2026-01-21T13:13:59.344500+00:00,bird,1,bird/singleBirdinsky384.jpeg,185.1136612021858,20.70406237591652,20.70406237591652,1824.7835939059796,179.54748137108794,189.93452558370592,173.8430601092896,20.33381028974721,21.091543315736967,19.69522297468896,21.965464480874317,189.95503229011425,0.03189269746646796,1.5027322404371584,50325.0
2026-01-21T13:13:59.345692+00:00,bird,1,bird/singleBirdinsky229.jpeg,162.74829365079364,13.146647569873759,13.146647569873759,91.36305555555556,125.26960317460318,172.86089285714286,209.11974206349205,10.813731930061333,14.00561517198239,15.90552486911514,102.06623015873016,209.1275992063492,0.005416666666666667,1.7857142857142858,50400.0
2026-01-21T13:13:59.358661+00:00,drone,0,drone/video18_1133.JPEG,89.78718207465278,21.659736331075052,21.659736331075052,18.738091275098586,76.96759223090278,90.62727430555556,119.27903211805555,27.329997991790883,21.368774506447377,20.540419724679005,99.28675130208333,121.63859375,0.004756944444444445,1.7777777777777777,921600.0
2026-01-21T13:13:59.360259+00:00,bird,1,bird/singleBirdinsky91.jpeg,168.13659222301416,30.53681260797599,30.53681260797599,61.769262669358035,146.63033578838997,172.55830759483646,202.65908370951138,33.21501184628273,30.29021255129147,25.25630034787555,72.50302922309338,202.67129959610358,0.0011483329373564585,1.5081967213114753,50508.0
2026-01-21T13:13:59.361612+00:00,drone,0,drone/singleDronesinsky168.jpeg,189.97871624297142,46.91501690585492,46.91501690585492,1171.4630572908825,198.08329373564584,192.68981151500753,154.66840896491644,50.8826656896181,45.89356509660785,57.35164707501575,65.65561891185554,202.01506692009187,0.05048705155618912,1.5081967213114753,50508.0
2026-01-21T13:13:59.393128+00:00,drone,0,drone/68.JPEG,91.83389095948013,51.26664228752717,51.26664228752717,83.90320375706345,96.47194094036698,94.0312127293578,68.32746750764527,50.85109385576987,55.73296825520931,38.32452435426926,75.11387471330275,101.14454224006116,0.0337098623853211,1.761467889908257,2092800.0
2026-01-21T13:13:59.394720+00:00,bird,1,bird/singleBirdinsky391.jpeg,103.79641312542158,68.58348935662099,68.58348935662099,3837.632711837877,91.64280046026266,107.51499821449828,116.56215529897234,70.22315815938282,68.72028669514468,67.01320767524275,87.58937428083958,117.09034638733485,0.14452644526445266,1.456989247311828,50406.0
2026-01-21T13:13:59.395943+00:00,bird,1,bird/singleBirdinsky36.jpeg,223.52045924042588,31.65913186118414,31.65913186118414,371.1627593748843,220.69891148895599,223.9298824090259,229.28605196249802,35.42074804110532,31.092144444354027,26.931086892994934,12.343814555855714,229.97421738439536,0.02900047672016526,1.2216748768472907,50344.0
2026-01-21T13:13:59.397112+00:00,bird,1,bird/singleBirdinsky368.jpeg,80.99348171701114,15.00776949154507,15.00776949154507,1018.9869416809527,42.63436009538951,88.51881955484896,142.9693958664547,17.56461588388857,17.863314817065955,24.645046483405217,175.5454093799682,142.983326709062,0.028855325914149445,1.4702702702702704,50320.0
2026-01-21T13:13:59.398290+00:00,bird,1,bird/singleBirdinsky177.jpeg,140.1756703314087,46.78992105683086,46.78992105683086,1148.720377597363,216.92563078383296,124.21555406153603,21.269417859685202,37.54698690871214,56.60088997506675,60.10995787014916,232.5035790556039,217.0372933639168,0.028553349679664636,1.4308510638297873,50572.0
2026-01-21T13:13:59.399449+00:00,bird,1,bird/singleBirdinsky66.jpeg,164.27010604074823,37.08307396950094,37.08307396950094,537.9133592322846,164.25114182453632,164.33692759839548,163.80682314627268,37.05789520456385,37.079713136492344,37.38198151132008,1.9071845585607055,164.4116724254339,0.020850708924103418,0.9437229437229437,50358.0
2026-01-21T13:13:59.523667+00:00,drone,0,drone/104.JPEG,126.86302047463269,33.948363574584725,33.948363574584725,80.92493758606294,125.43014448461892,127.94632439451331,125.26993550562443,33.57420765654868,34.083355015172216,36.09321942827665,17.42373558023416,129.9148017820248,0.02951400845576982,1.7630853994490359,8363520.0
2026-01-21T13:13:59.525537+00:00,bird,1,bird/singleBirdinsky165.jpeg,150.26909090909092,21.030592516092486,21.030592516092486,78.34536089921225,117.26420268256334,156.0529955290611,207.1782215598609,31.171235533934563,18.50153611910367,11.886116779585981,111.75093889716841,207.18915052160955,0.0022056631892697466,1.5027322404371584,50325.0
2026-01-21T13:13:59.526808+00:00,bird,1,bird/singleBirdinsky243.jpeg,190.04880278191754,59.037350263098546,59.037350263098546,1309.0519889570253,185.4234078489816,189.9374267262792,203.00220566318927,57.97305950976779,59.65191528903739,59.828437739491115,27.193820168902135,203.45708892200696,0.07564828614008942,1.5027322404371584,50325.0
2026-01-21T13:13:59.527943+00:00,bird,1,bird/singleBirdinsky399.jpeg,202.6470495174814,13.214404342189987,13.214404342189987,7.6867385359302975,156.5502689447872,216.33024837842115,253.07722274956495,20.83094570229325,12.850040221679818,2.73122101053932,97.16340373358646,253.07722274956495,0.0015820281601012498,1.7916666666666667,50568.0
2026-01-21T13:13:59.580043+00:00,drone,0,drone/39.JPEG,111.721482,73.14294209097469,73.14294209097469,631.4915219636463,102.60026966666666,115.40083266666667,116.69213633333334,67.85092797199323,73.48787889967524,87.93852473345274,58.513742666666666,124.28005833333333,0.064459,1.3333333333333333,3000000.0
2026-01-21T13:13:59.581721+00:00,bird,1,bird/singleBirdinsky290.jpeg,196.74992063492064,15.002941510315742,15.002941510315742,89.24,179.5348611111111,200.5221626984127,223.03065476190477,12.671362498171812,15.639748432664168,18.92156200471491,49.825,223.16954365079366,0.007896825396825397,1.7857142857142858,50400.0
2026-01-21T13:13:59.583031+00:00,bird,1,bird/singleBirdinsky326.jpeg,112.57963238946846,28.058391362406812,28.058391362406812,316.0246190979695,62.006438152011924,123.680695479384,188.54283159463486,31.631053652576227,28.282131965040975,24.915653012856882,173.28172876304023,188.62221559860905,0.007928464977645306,1.5027322404371584,50325.0
2026-01-21T13:13:59.584168+00:00,drone,0,drone/singleDronesinsky273.jpeg,144.07188644688645,13.285659478217397,13.285659478217397,118.17695879611992,108.72627010670489,153.68336916706482,187.4684065934066,23.04431765114066,10.662143241720727,7.130104284587186,107.3458552317248,187.50501672240802,0.003025959547698678,1.5164835164835164,50232.0
2026-01-21T13:13:59.594524+00:00,drone,0,drone/238.JPEG,116.54577222222223,51.883465086172855,51.883465086172855,45.28314461110768,112.96570740740741,115.47825555555555,131.0347888888889,56.89869540536855,51.19170072849145,43.31827063970457,53.69449629629629,132.63809629629628,0.0034851851851851853,1.5,540000.0
2026-01-21T13:13:59.595844+00:00,bird,1,bird/singleBirdinsky99.jpeg,195.54768007948337,31.58350001593896,31.58350001593896,308.4161523237555,149.37452558370592,213.95974167908594,221.80437158469945,64.17172362575913,21.310572388183488,14.780409583854404,87.31670144063587,223.39469448584202,0.013472429210134128,1.5027322404371584,50325.0
2026-01-21T13:13:59.624206+00:00,drone,0,drone/6.JPEG,146.41777475152907,13.203825778672224,13.203825778672224,5.899274178068572,136.06727112003057,147.97761228975534,165.19307769495413,15.480437434235453,12.758442857115806,10.882705307377758,45.66003392584098,165.23466408639143,0.00139717125382263,1.761467889908257,2092800.0
2026-01-21T13:13:59.652612+00:00,drone,0,drone/46.JPEG,163.6876954319572,15.377272114395781,15.377272114395781,12.382410168150969,113.1841504204893,173.9164631116208,242.85628583715595,21.996066664619306,15.364161379111682,18.645102301582924,136.60348432721713,243.3041504204893,0.0032965405198776758,1.761467889908257,2092800.0
2026-01-21T13:13:59.653928+00:00,bird,1,bird/singleBirdinsky305.jpeg,94.3527868852459,18.376685926091692,18.376685926091692,98.92146687860254,36.99131644311972,102.76510680576254,201.5351217088922,22.338955571413194,16.7903127320594,23.181706121552004,209.78354694485841,201.62477893691008,0.0029806259314456036,1.5027322404371584,50325.0
2026-01-21T13:13:59.655351+00:00,bird,1,bird/singleBirdinsky373.jpeg,190.59381955484898,73.17571778430901,73.17571778430901,3858.567393520894,153.58591017488075,207.3768879173291,201.26528219395865,94.18229336848692,70.14339181813311,70.66676874492582,78.32346979332273,207.68575119236883,0.05405405405405406,0.6801470588235294,50320.0
2026-01-21T13:13:59.780894+00:00,drone,0,drone/140.JPEG,126.4760677322467,34.375361519242134,34.375361519242134,87.82644675925647,124.84566055919039,127.63281465220386,124.95084725091827,34.05817350572672,34.47981253461066,36.56519731265587,18.051028753443525,129.6038184879094,0.032082663758800124,1.7630853994490359,8363520.0
2026-01-21T13:13:59.794560+00:00,drone,0,drone/video14_121.JPEG,160.71899197048612,56.01759712342311,56.01759712342311,106.06296223278282,158.0971267361111,165.63911566840278,142.21817274305556,54.16455763113273,54.931941735074915,73.67185277072615,57.61783637152778,169.73184136284723,0.015682508680555554,1.7777777777777777,921600.0
2026-01-21T13:13:59.796100+00:00,bird,1,bird/singleBirdinsky256.jpeg,234.59966419753087,40.35953612142512,40.35953612142512,729.8976394812009,230.59897283950616,235.49477530864198,240.47897283950618,51.93517561446611,38.42486100264997,22.699733556531758,14.761738271604939,240.70694320987656,0.020720987654320986,1.0,50625.0
2026-01-21T13:13:59.825544+00:00,drone,0,drone/24.JPEG,144.61845470183485,65.9619888646642,65.9619888646642,92.34659210344067,138.96118549311927,152.93706995412845,116.4893190940367,71.63805405928598,60.30188725182618,81.83359475852038,82.97651423929663,154.41863054281345,0.0067827790519877675,1.761467889908257,2092800.0
2026-01-21T13:13:59.857900+00:00,drone,0,drone/233.JPEG,126.32138092507645,31.957388693848927,31.957388693848927,107.25606106144299,120.19521454510704,137.6146822438838,84.28915042048929,34.85062836363567,32.163912755800624,29.736653532099965,99.74975917431193,137.71819810779817,0.06804185779816514,1.761467889908257,2092800.0
2026-01-21T13:13:59.892424+00:00,drone,0,drone/162.JPEG,114.996884765625,54.25368272376436,54.25368272376436,90.0928348747159,113.05548746744792,123.8483662923177,74.65526204427083,53.475475348838046,55.45673633817488,60.39116892256952,116.92689127604167,125.72803588867187,0.007814534505208333,1.5,2457600.0
2026-01-21T13:13:59.906109+00:00,drone,0,drone/video14_85.JPEG,124.484873046875,36.31784741289796,36.31784741289796,221.15049925514387,122.32211371527778,131.6418674045139,93.32079210069445,39.22038765563896,39.01296197117743,33.11548688052739,82.91382161458333,135.0864377170139,0.033426649305555556,1.7777777777777777,921600.0
2026-01-21T13:13:59.907458+00:00,bird,1,bird/singleBirdinsky336.jpeg,123.60058274365225,21.723042007502723,21.723042007502723,105.45741219948182,127.2616598283483,119.09805553903787,136.62579532615806,33.16625651800229,18.843572242200977,16.34504391080145,50.874710114764824,144.70987691026937,0.00426156072228499,1.2487562189054726,50451.0
2026-01-21T13:13:59.920687+00:00,drone,0,drone/video14_88.JPEG,130.11605360243055,41.52942580861978,41.52942580861978,224.56396805778667,127.46679361979167,137.49079644097222,99.11864583333333,43.46653413386693,43.17821703798368,43.052796121685276,79.34955837673611,140.2951779513889,0.03162760416666666,1.7777777777777777,921600.0
2026-01-21T13:13:59.922087+00:00,bird,1,bird/singleBirdinsky331.jpeg,138.4822255340288,37.99398947176945,37.99398947176945,59.188433684379895,135.72361649279682,138.47588673621462,145.65605563835072,45.947326109232336,36.479903889000425,27.214330138168645,37.5002086438152,150.52687531048187,0.0024043715846994535,1.5027322404371584,50325.0
2026-01-21T13:13:59.923283+00:00,bird,1,bird/singleBirdinsky75.jpeg,163.74642175572518,63.13284745705568,63.13284745705568,754.6229491766238,146.12531806615777,165.55252067430027,200.65384462468194,68.39956140136304,61.83423349907771,64.8013104200025,69.91165712468194,200.66044449745547,0.017771946564885496,1.3645833333333333,50304.0
2026-01-21T13:13:59.924830+00:00,bird,1,bird/singleBirdinsky188.jpeg,110.78489294210944,54.779686364856055,54.779686364856055,1477.8327059823591,99.14466693100714,114.48982950039651,122.27127279936558,78.62168566047448,50.670827185347754,43.11552385843132,108.37170896114195,141.99105868358447,0.14775971451229183,1.3402061855670102,50440.0
2026-01-21T13:13:59.926086+00:00,drone,0,drone/singleDronesinsky218.jpeg,12.86279504836206,26.344259030397374,26.344259030397374,45.01522509214859,13.111949209887355,11.863272698324245,17.339370298133186,27.18076744041877,26.721017026568312,30.403676981075726,99.95983759901286,18.508438482665287,0.007045336942244159,1.3350515463917525,50246.0
2026-01-21T13:13:59.927368+00:00,drone,0,drone/singleDronesinsky105.jpeg,78.7883522445989,48.76266663702286,48.76266663702286,1284.4894703342866,92.6099922770748,73.79965939919602,68.19402364403255,51.09900289779046,49.02097655879481,46.359245104426854,82.79132260044753,93.61353690172082,0.13711162597279153,1.5414364640883977,50499.0
2026-01-21T13:13:59.928655+00:00,bird,1,bird/singleBirdinsky293.jpeg,140.99542238868082,42.68157426167832,42.68157426167832,777.5263738431315,121.23044606939737,146.35475496898718,165.2357370746884,48.218833305616116,40.26599310426448,53.58424489704232,83.68240096704517,169.1417870518994,0.06995224223688642,1.4126984126984128,50463.0
2026-01-21T13:13:59.929839+00:00,bird,1,bird/singleBirdinsky141.jpeg,153.89689781021897,55.458516908081414,55.458516908081414,927.599337097938,168.35173357664235,151.23333862265946,129.69239923833703,61.88738443238694,55.61704783683645,46.95671233566177,65.87261980323707,171.45935814027294,0.0271937480165027,1.4891304347826086,50416.0
2026-01-21T13:13:59.958355+00:00,drone,0,drone/247.JPEG,125.70439698012233,19.233890588758356,19.233890588758356,3.783450401255365,80.36823824541284,133.92552035550457,202.38378535932722,21.708439243012176,20.07421596213236,22.40334462589027,153.56309537461775,202.40660215978593,0.000494552752293578,1.761467889908257,2092800.0
2026-01-21T13:13:59.960005+00:00,bird,1,bird/singleBirdinsky183.jpeg,77.18730253353205,40.62786332576044,40.62786332576044,394.950578695015,181.6709786388475,37.82314952806756,5.734108296075509,90.54521943388778,31.39561071546017,9.761339950926391,238.9814605067064,181.72844510680576,0.029786388474913064,1.5027322404371584,50325.0
2026-01-21T13:13:59.962323+00:00,bird,1,bird/singleBirdinsky173.jpeg,178.38728266269248,39.72651011327963,39.72651011327963,96.07432746896788,159.01967213114753,180.26688524590165,219.45130650769994,53.70853772753831,36.647026071781845,20.6704273263494,74.20270243417784,219.4559960258321,0.0017486338797814208,1.5027322404371584,50325.0
2026-01-21T13:13:59.963565+00:00,bird,1,bird/singleBirdinsky49.jpeg,135.2170366833771,59.480725572284356,59.480725572284356,609.7261552032724,128.03634518978276,136.93697779899736,144.79615262194636,56.595413885474784,60.2815402537311,63.180163928460615,30.592981618524707,144.79907694756108,0.0384936739078539,1.6045197740112995,50268.0
2026-01-21T13:14:00.087134+00:00,drone,0,drone/57.JPEG,125.76173740243343,35.529740690724864,35.529740690724864,78.46331221172612,124.25509115779002,126.85908744165137,124.30279368017294,35.3250765132749,35.609853437488525,37.47815171860834,17.89781061084328,128.80527050811142,0.028205229377104377,1.7630853994490359,8363520.0
2026-01-21T13:14:00.089641+00:00,bird,1,bird/singleBirdinsky357.jpeg,118.92439965012723,57.6637502477438,57.6637502477438,3261.9430212637317,94.0511092557252,127.30152671755725,141.23344068066157,46.24304577688535,60.46311089546818,92.05832177324808,130.8860925572519,154.4570014312977,0.11201892493638677,1.3645833333333333,50304.0
2026-01-21T13:14:00.105952+00:00,drone,0,drone/singleDronesinsky9.jpeg,172.6836,35.18019455870232,35.18019455870232,12.627924074074073,121.33115648148149,186.0100398148148,238.722975,26.107547177857057,38.49229754767069,48.982791032510185,126.69045092592593,239.18037407407408,0.009975,1.3333333333333333,1080000.0
2026-01-21T13:14:00.139670+00:00,drone,0,drone/67.JPEG,144.37182291666667,56.05496401005844,56.05496401005844,268.6186402851587,138.61812261085626,155.31484900611622,102.95302656727829,59.346854826374326,51.482409859289426,76.72483799651465,105.28702599388379,156.47448537844036,0.04394734327217125,1.761467889908257,2092800.0
2026-01-21T13:14:00.141090+00:00,bird,1,bird/singleBirdinsky306.jpeg,241.78545454545454,49.13888314881922,49.13888314881922,2018.1168309274367,241.75483358171883,241.83099850968702,241.6091008445107,49.207183902103,49.03533923241331,49.55974165271465,3.167411823149528,241.93478390461996,0.030899155489319423,1.5027322404371584,50325.0
2026-01-21T13:14:00.142455+00:00,drone,0,drone/singleDronesinsky38.jpeg,183.62920634920636,43.34464152091314,43.34464152091314,1390.0410381692495,180.81595238095238,183.65329365079364,190.80164682539683,43.502645598779054,43.53923692315102,44.58509210222803,22.294325396825396,193.06186507936508,0.037083333333333336,1.7857142857142858,50400.0
2026-01-21T13:14:00.143615+00:00,bird,1,bird/singleBirdinsky193.jpeg,84.27570149017122,14.868139490735375,14.868139490735375,323.52496697326046,72.07617311350666,84.28350903614458,116.42662095751427,17.157509613798386,13.754079953446649,19.044045144490564,98.41835764109068,116.42683893468612,0.0021599556119213698,2.1842105263157894,50464.0
2026-01-21T13:14:00.171811+00:00,drone,0,drone/58.JPEG,99.04555667048929,31.678849078946744,31.678849078946744,68.40820814220183,58.22151376146789,106.46347094801223,167.593343367737,44.28355014385232,29.78933153708767,17.176708128017076,171.01247993119267,168.36630638379205,0.00844132262996942,1.761467889908257,2092800.0
2026-01-21T13:14:00.173351+00:00,bird,1,bird/singleBirdinsky235.jpeg,89.80288127173372,40.06288563507567,40.06288563507567,7665.791195475213,52.2439741679086,99.55360158966717,138.05530054644808,52.13045969794678,43.61908792934141,71.41419400780204,145.46513661202187,143.2243219076006,0.16532538499751614,1.5027322404371584,50325.0
2026-01-21T13:14:00.174764+00:00,bird,1,bird/singleBirdinsky375.jpeg,130.17980305307285,74.92096735612536,74.92096735612536,5339.481668054873,150.3220161354109,127.26380210393103,92.27062406074508,77.83988180479045,76.16019835203728,67.03777001467449,114.7990785414854,150.37720477734715,0.16898679110970496,1.4308510638297873,50572.0
2026-01-21T13:14:00.176045+00:00,bird,1,bird/singleBirdinsky370.jpeg,109.48560750636132,55.70853927540766,55.70853927540766,1071.4042622888462,144.0171556933842,101.59571803435115,59.54363470101781,85.5909111711987,53.234161368978185,44.84743411798567,146.56508428753182,152.88726542620864,0.08045085877862596,1.3645833333333333,50304.0
2026-01-21T13:14:00.177256+00:00,bird,1,bird/singleBirdinsky288.jpeg,163.37657045165395,54.52381759080941,54.52381759080941,874.5237850019305,135.73687977099237,168.89054548346056,207.72375954198472,58.329152091488595,54.94589949659556,66.55493002245082,80.39937181933843,208.3027989821883,0.02967954834605598,1.3645833333333333,50304.0
2026-01-21T13:14:00.182928+00:00,bird,1,bird/singleBirdinsky13.jpeg,175.8298562206573,8.659893900155856,8.659893900155856,30.99175669232108,153.27086267605634,175.1962710289515,238.44844728090766,6.984803185979533,8.783322269020584,14.264735222066053,90.75536482785603,238.45076780125194,0.0032032472613458527,1.775,408960.0
2026-01-21T13:14:00.215109+00:00,drone,0,drone/109.JPEG,122.19466217507646,47.05627848323618,47.05627848323618,192.85128868881247,112.48722094801224,126.75732893730887,125.00971091360856,48.117484540843755,46.83140409279582,64.75596560210732,99.2210172974006,145.9327991207951,0.06510512232415902,1.761467889908257,2092800.0
2026-01-21T13:14:00.216993+00:00,drone,0,drone/singleDronesinsky62.jpeg,159.340991151847,61.69501976750671,61.69501976750671,1551.0014281813683,142.94504622465578,162.6466293695195,185.28796175058525,65.71882355726153,60.59460521413123,64.64110908758552,69.06923778915208,187.13054001507757,0.0971511328016506,1.456989247311828,50406.0
2026-01-21T13:14:00.218109+00:00,bird,1,bird/singleBirdinsky314.jpeg,141.61853679894918,18.15620452911418,18.15620452911418,50.84170058133867,128.4706046252438,141.99998009791824,174.33805676073717,21.990496550171304,17.876589260180538,11.467586845574065,68.13820005572583,174.3596107152808,0.003681885125184094,1.3350515463917525,50246.0
2026-01-21T13:14:00.233858+00:00,drone,0,drone/254.JPEG,159.06483502538072,48.5067073908518,48.5067073908518,1795.2633390708343,153.60908502538072,158.81651395939087,174.60626015228425,49.52021418721443,50.63373275315154,48.56744353704649,53.836620558375635,181.49878426395938,0.14995177664974618,1.2690355329949239,788000.0
2026-01-21T13:14:00.235218+00:00,drone,0,drone/singleDronesinsky74.jpeg,158.04458333333332,32.58299562035741,32.58299562035741,1301.2587348812674,142.1525,161.2316865079365,183.32365079365078,33.08608897153817,32.56989419494599,33.63307866256819,61.651428571428575,183.72825396825397,0.05682539682539683,1.7857142857142858,50400.0
2026-01-21T13:14:00.236365+00:00,bird,1,bird/singleBirdinsky251.jpeg,182.3724391455539,12.30790308511591,12.30790308511591,76.06520965695162,188.00697466467957,180.87785394932936,175.13585692995528,16.685212464647137,12.801285460963891,19.367199288220412,32.01549925484352,193.75453551912568,0.0022851465474416294,1.5027322404371584,50325.0
2026-01-21T13:14:00.250480+00:00,drone,0,drone/144.JPEG,139.40893673780488,76.93942066477756,76.93942066477756,124.15684804084823,139.47657308604337,140.86863990514905,131.62020769817073,76.757044047669,75.93621556864647,86.67624658820583,58.224808392615174,148.45458269817073,0.025111153455284554,1.7344173441734418,944640.0
2026-01-21T13:14:00.263215+00:00,drone,0,drone/video16_571.JPEG,130.81855902777778,31.49587409194989,31.49587409194989,29.882930484082962,111.01060763888889,132.8752658420139,172.1696603732639,32.935957267721726,33.83457006836369,54.30702351274963,98.4095431857639,178.780791015625,0.006236979166666667,1.7777777777777777,921600.0
2026-01-21T13:14:00.294065+00:00,drone,0,drone/125.JPEG,15.513901471712538,31.02816882894517,31.02816882894517,443.6152425984928,10.745428134556574,18.41227637614679,12.669351108562692,31.654027275894325,31.608433905192243,29.073828017513225,182.88065319189602,18.898309441896025,0.036321196483180426,1.761467889908257,2092800.0
2026-01-21T13:14:00.295380+00:00,bird,1,bird/singleBirdinsky292.jpeg,100.07369047619048,28.16386866687791,28.16386866687791,10.729105375645629,90.54353174603175,98.84996031746032,130.96460317460318,31.94361925856702,27.578254243901704,22.02117796147117,83.89311507936507,130.9655753968254,0.0004761904761904762,1.7857142857142858,50400.0
2026-01-21T13:14:00.327303+00:00,drone,0,drone/102.JPEG,128.62386515672782,65.9468233986134,65.9468233986134,245.18607534204116,126.25976681957187,136.7731178325688,92.9012872706422,65.30569828126586,66.42810531084932,74.69548164180168,99.9517932912844,139.29759986620795,0.059908734709480126,1.761467889908257,2092800.0
2026-01-21T13:14:00.328850+00:00,bird,1,bird/singleBirdinsky343.jpeg,178.07068520357498,31.13928775572225,31.13928775572225,830.3385295586307,154.00365441906652,182.8830983118173,216.34125124131083,47.84509914262862,26.199109999765422,16.156204130306566,76.58506454816286,216.34125124131083,0.016484607745779544,1.394736842105263,50350.0
2026-01-21T13:14:00.342194+00:00,drone,0,drone/video14_99.JPEG,162.73855794270833,53.88175643059041,53.88175643059041,47.703639312065974,153.71180013020833,164.15062065972222,179.21785047743055,57.64519146124982,53.27875478888715,49.7560929727634,40.881350911458334,179.43709852430555,0.003019748263888889,1.7777777777777777,921600.0
2026-01-21T13:14:00.371942+00:00,drone,0,drone/55.JPEG,115.18707855504587,49.40589926279982,49.40589926279982,13.111692958579475,95.22417144495412,118.89032062308868,148.60368119266056,44.32738954751924,53.26113512385201,67.88186840759022,103.71332186544342,155.92009747706422,0.00507645259938838,1.761467889908257,2092800.0
2026-01-21T13:14:00.385741+00:00,drone,0,drone/video14_80.JPEG,137.002265625,37.271445740808055,37.271445740808055,200.60971532658706,134.35261067708333,144.64816297743056,104.58531141493056,41.47238036104392,40.10249115533926,33.69815105792748,81.38195203993055,148.77148871527777,0.033153211805555555,1.7777777777777777,921600.0
2026-01-21T13:14:00.420754+00:00,drone,0,drone/211.JPEG,128.10331708715597,52.52035798573285,52.52035798573285,472.97300836105234,123.04729692278288,140.42885798929663,77.90203937308868,53.36425810506791,56.473437268762645,42.458921576655456,119.04890768348623,142.05181336009176,0.14945575305810396,1.761467889908257,2092800.0
2026-01-21T13:14:00.422195+00:00,bird,1,bird/singleBirdinsky123.jpeg,127.097358160261,63.07859382034532,63.07859382034532,750.0085084727274,183.47686400891223,113.70742818492879,48.163583194079735,76.30115750553342,64.21415846413481,36.467766368590794,194.81664279462083,183.4908888358399,0.06256465345746798,1.6045197740112995,50268.0
2026-01-21T13:14:00.452463+00:00,drone,0,drone/213.JPEG,111.53148079128441,52.503083897842984,52.503083897842984,55.27212487566018,123.25862910932722,106.06852112003058,108.87674885321101,54.97189247239725,58.30737112431618,67.00060477370086,100.0930877293578,142.4661788035168,0.013318998470948012,1.761467889908257,2092800.0
2026-01-21T13:14:00.454001+00:00,bird,1,bird/singleBirdinsky239.jpeg,176.1469642857143,31.898349970865326,31.898349970865326,618.6170080624842,174.2367261904762,176.34025793650792,180.85755952380953,31.68369173284347,31.895419981660137,33.770163999953546,14.110753968253968,182.03390873015874,0.02251984126984127,1.7857142857142858,50400.0
2026-01-21T13:14:00.455312+00:00,bird,1,bird/singleBirdinsky180.jpeg,151.39432641044004,57.77044330758495,57.77044330758495,1541.8939068731331,137.42269435823982,155.72236810694676,165.93363571258058,52.89997004904957,59.41378191033162,62.8103018131616,42.306198774568315,166.02643829076152,0.028367947799793108,0.6232394366197183,50268.0
2026-01-21T13:14:00.456687+00:00,drone,0,drone/singleDronesinsky285.jpeg,150.29220417263895,37.986753100462586,37.986753100462586,5923.597219879215,156.2754021340978,166.6463011626055,50.37766762223284,41.985947149732596,40.14513128871305,37.798858029439494,180.41594999203696,168.33275601210383,0.20749721293199555,1.7797619047619047,50232.0
2026-01-21T13:14:00.457858+00:00,bird,1,bird/singleBirdinsky175.jpeg,145.84141143820003,64.26671449175835,64.26671449175835,700.8296156413294,160.06317771830706,142.65239369610467,124.94941024878581,78.32397900032207,61.908922409227614,52.173501673122004,73.51265734958866,165.1669342848647,0.020021805927247498,1.6101694915254237,50445.0
2026-01-21T13:14:00.459065+00:00,bird,1,bird/singleBirdinsky58.jpeg,237.0288453902962,41.058618029605796,41.058618029605796,918.5556170359025,232.184010958469,238.5465536409116,241.94623997458905,57.86824216417671,36.23703250885598,26.14486805593208,16.68976812514889,242.76437306440087,0.02201619947589931,1.3112244897959184,50372.0
2026-01-21T13:14:00.460243+00:00,drone,0,drone/singleDronesinsky297.jpeg,93.11668156979633,55.84411396020569,55.84411396020569,439.1841860629209,106.07781420765028,90.04250372578241,74.99149528067561,59.78757682299792,55.39182062400852,52.76708286873088,101.7143566815698,106.35906607054147,0.024341778440139097,1.5027322404371584,50325.0
2026-01-21T13:14:00.461512+00:00,bird,1,bird/singleBirdinsky120.jpeg,152.51624627606753,49.433416687631784,49.433416687631784,593.4783511601509,127.23463753723932,156.13996027805362,200.21938430983118,64.77853709191281,47.430561946413235,23.72519377959047,98.27332671300894,200.26470705064548,0.02788480635551142,1.394736842105263,50350.0
2026-01-21T13:14:00.462757+00:00,bird,1,bird/singleBirdinsky294.jpeg,160.6061599602583,16.945673453454255,16.945673453454255,85.13690178272427,163.37899652260307,160.05559860904123,155.94394436164927,23.72024751268582,16.392922779046437,16.16240162752685,23.214346746150024,168.13261798310978,0.0033184302036761053,1.5027322404371584,50325.0
2026-01-21T13:14:00.464063+00:00,drone,0,drone/singleDronesinsky80.jpeg,131.40283086478738,26.76568269511524,26.76568269511524,113.4282104264434,82.29779821627648,141.89488772097468,206.1049530179965,24.111770842503162,28.625035166818844,26.408319914754923,155.03573419334288,206.11034798534797,0.00332457397674789,1.7797619047619047,50232.0
2026-01-21T13:14:00.465190+00:00,bird,1,bird/singleBirdinsky278.jpeg,179.8115818142059,25.458277488062425,25.458277488062425,567.6102067172002,152.00204759159493,187.71073295827287,211.92101862711965,30.468077312934774,24.58538274613973,20.184255125246683,74.08393137586228,212.18645011231933,0.028507246088702462,1.4385026737967914,50303.0
2026-01-21T13:14:00.466389+00:00,bird,1,bird/singleBirdinsky347.jpeg,118.93617063492063,52.706966886283986,52.706966886283986,484.5414948963844,105.71174603174603,121.28323412698413,141.2920634920635,57.40742102737995,51.81598427939018,46.94483904757069,78.12450396825396,141.2920634920635,0.013293650793650793,0.56,50400.0
2026-01-21T13:14:00.467524+00:00,bird,1,bird/singleBirdinsky64.jpeg,133.4272063623954,42.41811260355059,42.41811260355059,37.99328795878308,107.82176983797258,140.44776148930697,164.57876827507073,54.739202281137246,39.55938471300828,27.64129827076568,95.33715156191268,164.6726808712683,0.0011474469305794606,1.2266009852216748,50547.0
2026-01-21T13:14:00.502517+00:00,drone,0,drone/229.JPEG,131.14506402905198,42.41573563207822,42.41573563207822,393.9551666250975,125.17242259174311,144.8293979357798,76.227373853211,47.986184002492955,42.93489506808593,35.088346344898625,125.06645307721712,146.15322821100918,0.1759690366972477,1.761467889908257,2092800.0
2026-01-21T13:14:00.504059+00:00,drone,0,drone/singleDronesinsky96.jpeg,167.88184050051478,51.89259244241067,51.89259244241067,1123.961824841867,166.33982735408253,170.0731963253346,160.79272590480716,48.65425755673776,52.39521713546374,60.3808195728371,32.578047042052745,173.1015680684248,0.03945909558881761,1.5081967213114753,50508.0
2026-01-21T13:14:00.511872+00:00,bird,1,bird/singleBirdinsky0.jpeg,176.59181345224823,32.44687431459615,32.44687431459615,44.3718951088044,177.92320512820513,177.4797342995169,168.49814938684503,40.39137404626313,30.974660498825077,23.803588729679458,34.4156856187291,185.68857487922705,0.0005221107395020438,1.5050167224080269,538200.0
2026-01-21T13:14:00.633964+00:00,drone,0,drone/90.JPEG,129.46420203455006,42.58890576746316,42.58890576746316,165.19465009935863,128.51471796564127,130.46366350531832,126.70715129514845,40.68550424030718,43.19583271676118,45.948663686901305,20.596184501262627,133.09701345844812,0.03436830425466789,1.7630853994490359,8363520.0
2026-01-21T13:14:00.648579+00:00,drone,0,drone/video16_122.JPEG,137.96440321180555,30.416770408851452,30.416770408851452,150.4787705534935,125.51155815972223,139.54026258680557,162.42116753472223,41.14684778394059,31.01974883402809,45.64603468529363,87.4183669704861,175.60748046875,0.02470703125,1.7777777777777777,921600.0
2026-01-21T13:14:00.656705+00:00,drone,0,drone/51.JPEG,103.63702620353443,42.42777451322372,42.42777451322372,239.6588970135166,69.91738777168393,110.30880966890108,157.97137924030062,39.75118015488883,44.31081043234219,67.50616939378817,142.40646556977453,160.93668697948405,0.014966483851310176,1.6453382084095065,492300.0
2026-01-21T13:14:00.686244+00:00,drone,0,drone/183.JPEG,171.68425298996914,51.824762650971344,51.824762650971344,56.15065537178564,176.41857156635803,171.73913917824075,159.17446132330247,51.968319336913375,48.17480294354527,81.34626873785619,74.7201707175926,188.0536429398148,0.010628375771604939,1.7777777777777777,2073600.0
2026-01-21T13:14:00.720835+00:00,drone,0,drone/103.JPEG,113.76744266055046,56.99894998795266,56.99894998795266,1162.6520156809236,114.82137375764526,118.04486429663609,88.88393969801223,56.19725581578171,57.44584306223268,62.7722789051619,78.80197104357798,121.67546970565749,0.11971186926605505,1.761467889908257,2092800.0
2026-01-21T13:14:00.722460+00:00,bird,1,bird/singleBirdinsky28.jpeg,211.83631023259505,61.520380700558135,61.520380700558135,1706.8772587872038,203.34361355878383,213.03627847900293,227.95346114154162,61.455314089259545,62.24582414029928,60.6865241109447,36.53171390013495,228.29608240057158,0.031019290307216004,1.0316742081447965,50388.0
2026-01-21T13:14:00.723712+00:00,bird,1,bird/singleBirdinsky337.jpeg,153.6072157795619,43.856564650335486,43.856564650335486,1562.9754711873918,145.13995440578847,155.44922192486868,166.36158192090394,57.458618433017044,41.926859834910445,37.5514218412933,67.04985627911587,177.61851521459016,0.03927049261572009,0.6210526315789474,50445.0
2026-01-21T13:14:00.724901+00:00,bird,1,bird/singleBirdinsky383.jpeg,128.9087896825397,37.5868728420318,37.5868728420318,398.29045634881265,92.77571428571429,139.9572619047619,167.04761904761904,51.76072633915083,33.08262921829065,26.01024131109176,120.79853174603174,167.04761904761904,0.03650793650793651,1.7857142857142858,50400.0
2026-01-21T13:14:00.726031+00:00,bird,1,bird/singleBirdinsky275.jpeg,204.40920634920636,14.011983624184127,14.011983624184127,31.937376360544217,188.86843253968254,209.463373015873,218.94660714285715,15.325383922901832,14.325792857769384,9.853753333545633,35.36831349206349,218.97210317460318,0.001507936507936508,1.7857142857142858,50400.0
2026-01-21T13:14:00.761632+00:00,drone,0,drone/20.JPEG,181.81035837155963,32.73499626152972,32.73499626152972,225.67521632627373,173.87532635703363,197.88946339831804,119.78879300458716,32.79247222280617,34.14234723957077,29.58884613065573,103.04270689984709,198.17143778669725,0.11410120412844037,1.761467889908257,2092800.0
2026-01-21T13:14:00.786424+00:00,bird,1,bird/singleBirdinsky15.jpeg,130.81435185185185,65.52769056712884,65.52769056712884,230.14738827160153,116.57518024691358,132.77097345679013,158.29152283950617,74.4607338797153,64.25643019600345,53.17728411564028,79.95358888888889,158.4512388888889,0.017957407407407408,0.6172839506172839,1620000.0
2026-01-21T13:14:00.787708+00:00,bird,1,bird/singleBirdinsky197.jpeg,196.97333227509029,27.45239292860646,27.45239292860646,1495.4214159426053,181.61216714949006,203.11490535338703,205.6148656692726,35.58644968229054,24.48960626013311,25.655857722756195,33.511627445533556,206.47013770387713,0.03357276082384222,0.9867256637168141,50398.0
2026-01-21T13:14:00.817443+00:00,drone,0,drone/269.JPEG,148.89990451388888,42.810294371752796,42.810294371752796,64.0057783564359,147.00254677854937,150.13646894290125,147.66111014660493,53.03918236282354,40.88107172445798,68.16353363800265,102.28214168595679,179.76222222222222,0.011759741512345679,1.7777777777777777,2073600.0
2026-01-21T13:14:00.830597+00:00,drone,0,drone/video14_93.JPEG,138.25191623263888,60.4480485811927,60.4480485811927,201.4022003103174,133.70636501736112,142.98250325520834,125.78795247395833,59.54444347697845,58.88759624763089,76.91399595312227,60.846614583333334,148.57844835069446,0.020270182291666668,1.7777777777777777,921600.0
2026-01-21T13:14:00.832041+00:00,drone,0,drone/singleDronesinsky223.jpeg,138.3059205287466,66.69642211804437,66.69642211804437,2568.7358091216747,136.89711737537826,137.9581740723045,143.87284997611084,68.21005853958054,66.6773095985398,63.583823021456,28.0807055263577,145.61918697244784,0.1356903965599618,1.7797619047619047,50232.0
2026-01-21T13:14:00.833486+00:00,bird,1,bird/singleBirdinsky138.jpeg,157.45140873015873,39.21907511880168,39.21907511880168,822.4286971336452,138.65686507936508,162.93660714285716,179.4271626984127,34.613566195574926,40.663563615955226,45.337006725791696,64.51664682539682,180.03920634920635,0.05043650793650794,1.7857142857142858,50400.0
2026-01-21T13:14:00.834685+00:00,bird,1,bird/singleBirdinsky206.jpeg,153.31747640337804,34.170688897385034,34.170688897385034,38.78360654750579,119.1732737208147,159.9713263785395,208.83284649776454,50.985498080032926,30.35803232516924,16.755718321449056,111.80705414803775,208.8381122702434,0.0020268256333830104,1.5027322404371584,50325.0
2026-01-21T13:14:00.835902+00:00,bird,1,bird/singleBirdinsky50.jpeg,209.94014754878629,54.563200201458685,54.563200201458685,3975.7061907504135,199.93897747104555,211.8110621926067,226.67810963033477,66.56414354684978,51.5125643339531,47.44565776768668,36.4578772013327,226.79327304458195,0.056580199904807234,1.382198952879581,50424.0
2026-01-21T13:14:00.837084+00:00,bird,1,bird/singleBirdinsky97.jpeg,141.74676602086438,44.74126285445709,44.74126285445709,221.2195201730234,115.37490312965723,148.54169895678092,176.0353303527074,58.930593561234716,40.93910608755,28.4414603234086,97.11087928464978,176.33357178340785,0.028912071535022354,1.5027322404371584,50325.0
2026-01-21T13:14:00.838339+00:00,bird,1,bird/singleBirdinsky279.jpeg,174.23169398907103,51.52958655060462,51.52958655060462,2304.6743172830156,156.97847988077496,179.2613611525087,193.59733730750125,63.89900403150894,47.687403487725284,42.771752832931405,59.88222553402881,194.1162046696473,0.11340288127173373,1.5027322404371584,50325.0
2026-01-21T13:14:00.866099+00:00,drone,0,drone/5.JPEG,173.9429840405199,14.05302760627907,14.05302760627907,24.314749617737004,121.0975754969419,185.70318281727828,251.05836248088684,19.928678815804563,14.550072682320376,16.446900800527263,132.55386133409786,251.51534308103976,0.0036988723241590214,1.761467889908257,2092800.0
2026-01-21T13:14:00.990897+00:00,drone,0,drone/237.JPEG,126.86182074054943,34.46733659304202,34.46733659304202,86.52384199142304,125.40021450298438,127.96173979377105,125.21321190120906,34.10498103092587,34.60227546938415,36.598803499674936,17.63587185778237,129.92299390687174,0.03136119719926538,1.7630853994490359,8363520.0
2026-01-21T13:14:00.992788+00:00,bird,1,bird/singleBirdinsky228.jpeg,122.45371087928466,66.7346392802921,66.7346392802921,46.00163548400869,119.39350223546946,122.36514654744163,130.7825136612022,73.11487704571114,65.65476281367638,56.944442924403326,56.34408345752608,135.50016890213612,0.002185792349726776,1.5027322404371584,50325.0
2026-01-21T13:14:00.994005+00:00,bird,1,bird/singleBirdinsky168.jpeg,157.60539488320356,47.54764953327511,47.54764953327511,600.2486086571363,150.08141983155886,158.76543381535038,171.54822819005244,45.760439492894285,47.79128635685803,51.28361720288862,35.73263944064834,171.61173128873352,0.02401477832512315,1.2216748768472907,50344.0
2026-01-21T13:14:00.995538+00:00,drone,0,drone/singleDronesinsky124.jpeg,137.13480377545952,64.47603535766885,64.47603535766885,6276.92742392768,134.76278191753602,136.85913561847988,144.8181222056632,69.17017526621785,64.88506930585511,69.19552034071299,69.26944858420268,157.94295081967212,0.1303129657228018,1.5027322404371584,50325.0
2026-01-21T13:14:01.024195+00:00,drone,0,drone/165.JPEG,142.30191800458715,39.917471987926355,39.917471987926355,290.39501375623456,138.55205227446484,142.34340309633026,152.06991542431192,43.87688725872486,38.77989053297096,42.552727731010364,41.88942134938838,157.2241336964832,0.00779434250764526,1.761467889908257,2092800.0
2026-01-21T13:14:01.025534+00:00,drone,0,drone/singleDronesinsky135.jpeg,116.44447093889717,18.73481319669155,18.73481319669155,350.0012318341116,85.46587183308495,122.54809736711375,166.3566219572777,20.25961192882709,19.060636805108384,22.274546992709126,123.71302533532042,166.5279085941381,0.020606060606060607,1.5027322404371584,50325.0
2026-01-21T13:14:01.060230+00:00,drone,0,drone/212.JPEG,72.47266444830247,50.449938643121996,50.449938643121996,534.7212108908785,72.09427999614198,79.44487123842593,37.610216049382714,51.960281051786374,50.127852076445905,56.1683343165132,173.3304648919753,81.2555044367284,0.09767554012345679,1.7777777777777777,2073600.0
2026-01-21T13:14:01.061610+00:00,bird,1,bird/singleBirdinsky55.jpeg,163.5060121038382,48.62622132214846,48.62622132214846,443.01517478687066,156.9181398311833,163.9993231406275,177.99307214524606,52.76006076950794,48.16005053744531,40.45100339333602,36.22724558050645,178.13616817964643,0.012621436534480012,1.483695652173913,50232.0
2026-01-21T13:14:01.074427+00:00,drone,0,drone/video16_129.JPEG,140.9641872829861,33.55260760678558,33.55260760678558,145.13769638507867,125.03027994791667,142.903369140625,172.85574978298612,45.81946865351808,34.06990728485905,45.19670064710002,95.08324110243055,184.6603298611111,0.021526692708333333,1.7777777777777777,921600.0
2026-01-21T13:14:01.081263+00:00,drone,0,drone/195.JPEG,154.48907986111112,41.51296528797439,41.51296528797439,140.5451532235605,146.18638599537036,154.97776041666665,173.54754918981482,45.98845186874503,41.13649243713619,35.70864727530231,46.917436342592595,174.70679398148147,0.014907407407407407,1.5,345600.0
2026-01-21T13:14:01.082564+00:00,bird,1,bird/singleBirdinsky374.jpeg,116.20476049382717,37.65672827332825,37.65672827332825,34.71457296934004,120.44535308641976,112.80890864197531,122.51865679012346,45.56683070642961,35.49129954442564,30.218226738722183,41.49515061728395,130.4217086419753,0.0012839506172839506,1.0,50625.0
2026-01-21T13:14:01.118525+00:00,drone,0,drone/285.JPEG,89.58365825688074,75.85855031266532,75.85855031266532,1654.006596139403,80.8067053707951,96.33366781345566,77.95554472477065,71.91356706964943,77.2531933138152,83.26959465924367,115.68181001529052,99.9174813646789,0.18727350917431193,1.761467889908257,2092800.0
2026-01-21T13:14:01.119916+00:00,bird,1,bird/singleBirdinsky303.jpeg,148.4979831097864,39.31197624528306,39.31197624528306,263.999823854928,148.85283656234475,148.8699254843517,145.5937009438649,53.494285594894265,36.290646166056845,20.301209908760292,51.71749627421759,163.25096870342773,0.0049080973671137606,1.5027322404371584,50325.0
2026-01-21T13:14:01.121195+00:00,bird,1,bird/singleBirdinsky220.jpeg,116.63463487332339,23.483554627265427,23.483554627265427,218.2105712199072,71.76912071535023,125.64433184302037,188.0296472925981,17.88747763678521,25.827827233927326,28.86850526868126,158.70489816194734,188.05778440139096,0.01812220566318927,1.5027322404371584,50325.0
2026-01-21T13:14:01.129769+00:00,bird,1,bird/singleBirdinsky11.jpeg,188.9063599246231,35.60866392564854,35.60866392564854,92.8353060625101,209.74182544667784,185.9098356365159,149.6624302065885,49.17129755258637,32.664646986492265,19.848271168598114,75.10176402847571,212.40921447515353,0.0005408989391401452,1.6080402010050252,573120.0
2026-01-21T13:14:01.134003+00:00,drone,0,drone/79.JPEG,118.570925,31.95207861748134,31.95207861748134,201.3265825160417,118.84259166666666,118.69684583333333,117.38784166666667,32.63037525501758,32.596137706552994,33.46675047229609,12.577504166666667,121.40433333333333,0.028591666666666668,1.5,240000.0
2026-01-21T13:14:01.135175+00:00,drone,0,drone/singleDronesinsky43.jpeg,124.45,57.14970871622362,57.14970871622362,314.34322652903757,175.40678571428572,114.95210317460318,39.720238095238095,89.31747105966315,54.376796517861465,38.847957433676065,171.08944444444444,177.95853174603175,0.023055555555555555,1.7857142857142858,50400.0
2026-01-21T13:14:01.144851+00:00,drone,0,drone/28.JPEG,123.72539882609678,69.84613385559037,69.84613385559037,1064.2269190572013,92.86907028369328,132.62553051395892,158.96062721047483,77.99409290863785,70.01689576747926,72.27006754297578,128.43056099029272,160.28290315298366,0.07365678380615547,1.77007299270073,531560.0
2026-01-21T13:14:01.146214+00:00,bird,1,bird/singleBirdinsky204.jpeg,167.566032867577,48.77695863789944,48.77695863789944,605.3364312126532,119.37047475389012,179.95833994919022,230.0372340425532,72.57860916100138,44.34186562459424,16.505281103984082,125.76893458240711,230.04789218799618,0.03405843124801524,1.425531914893617,50384.0
2026-01-21T13:14:01.147291+00:00,bird,1,bird/singleBirdinsky189.jpeg,138.56039682539682,31.30578454334399,31.30578454334399,19.066546471088436,99.72936507936508,145.2199007936508,206.02305555555554,32.73962956481518,32.44827074889096,26.02513025806585,133.92688492063493,206.02305555555554,0.0014285714285714286,1.7857142857142858,50400.0
2026-01-21T13:14:01.148432+00:00,bird,1,bird/singleBirdinsky390.jpeg,191.47142857142856,24.51452632897048,24.51452632897048,892.777341255669,174.52234126984126,196.17444444444445,211.78363095238095,37.878982540823074,20.496833032785766,16.0524002405513,47.093492063492064,212.0804761904762,0.0125,1.26,50400.0
2026-01-21T13:14:01.149536+00:00,drone,0,drone/singleDronesinsky151.jpeg,199.6971626984127,29.83280818713974,29.83280818713974,843.2850793650794,174.93882936507936,205.15460317460318,236.13825396825396,26.801111388251922,30.73236535638097,34.22920311894103,68.10861111111112,236.2915277777778,0.023253968253968253,1.26,50400.0
2026-01-21T13:14:01.150558+00:00,bird,1,bird/singleBirdinsky20.jpeg,244.7218596741022,10.279399436100002,10.279399436100002,115.82540341366123,224.02458076253757,253.6470099667774,253.86145388387914,10.39678369397224,10.67060413445596,10.004746288910036,30.518509729473184,254.23042240151875,0.0015820281601012498,1.7916666666666667,50568.0
2026-01-21T13:14:01.151837+00:00,drone,0,drone/singleDronesinsky23.jpeg,176.05476516459314,66.67409975747601,66.67409975747601,2665.9558455144875,162.23181935432666,179.84711391551085,192.6746631743953,63.13005957528595,67.7822918899119,70.87953836205698,52.250868107228605,192.7373454769133,0.05601523900232157,2.0445859872611467,50397.0
2026-01-21T13:14:01.152991+00:00,bird,1,bird/singleBirdinsky143.jpeg,148.7143992213416,27.35894372377268,27.35894372377268,758.0644981019859,139.708420237173,151.24881314184694,159.37347794132253,36.566639180823046,26.19601726357001,25.391375011010915,48.200901813558986,165.13773513696046,0.019267822736030827,1.6820809248554913,50343.0
2026-01-21T13:14:01.154110+00:00,bird,1,bird/singleBirdinsky395.jpeg,160.92241310745248,32.29268786908908,32.29268786908908,119.10052532374219,169.07870038972402,158.8223773164718,150.2944802354251,36.46437726536054,31.86734885210641,31.173700857348162,38.00260478803786,172.56052652509345,0.002087807205917442,1.2828282828282829,50292.0
2026-01-21T13:14:01.183364+00:00,drone,0,drone/274.JPEG,132.92704510703365,62.3534857197753,62.3534857197753,319.22694245005715,127.6820943233945,139.17703889525993,114.73529720948012,67.28770150342909,57.40873284165182,78.12979037483244,74.8644194380734,141.0107707377676,0.009018061926605505,1.761467889908257,2092800.0
2026-01-21T13:14:01.184986+00:00,bird,1,bird/singleBirdinsky267.jpeg,240.11097863884748,8.067863160847283,8.067863160847283,26.496373167456746,236.3710084451068,240.48162940884254,247.0186785891704,9.801985768906128,7.6308994395876,5.693461867814862,10.964848484848485,247.0186785891704,0.0006557377049180328,1.5027322404371584,50325.0
2026-01-21T13:14:01.186130+00:00,bird,1,bird/singleBirdinsky154.jpeg,143.4718253968254,7.59676465186746,7.59676465186746,45.4323214092813,111.65886904761905,146.82426587301586,209.6121626984127,7.525699270805173,7.762335961558556,11.059679327660097,119.05031746031746,209.64803571428573,0.003968253968253968,1.7857142857142858,50400.0
2026-01-21T13:14:01.187343+00:00,drone,0,drone/singleDronesinsky173.jpeg,170.18955466550344,54.0235665253941,54.0235665253941,298.62906159961994,195.35456239838206,161.12818733394138,150.2304397826863,66.17492475942093,50.0313389253738,42.42843927871195,54.84345877780862,195.6460126105405,0.02077963278740532,1.8083832335329342,50434.0
2026-01-21T13:14:01.188448+00:00,bird,1,bird/singleBirdinsky195.jpeg,171.89829866921667,31.40693943356086,31.40693943356086,882.2069579443182,225.67363933381145,155.142282253566,116.927304964539,28.973181493023603,35.91269757012953,34.74571910224707,123.09506733604272,225.80494461710097,0.0149812734082397,1.4202127659574468,50196.0
2026-01-21T13:14:01.192415+00:00,drone,0,drone/135.JPEG,121.81813333333334,48.052121783006505,48.052121783006505,191.65918101873265,122.509775,122.208825,118.00782083333333,47.90464430633048,48.177047011891894,52.33342925894722,25.51439166666667,126.10042916666667,0.024191666666666667,1.5,240000.0
2026-01-21T13:14:01.225707+00:00,drone,0,drone/32.JPEG,88.65004109327216,59.827278232087636,59.827278232087636,350.65360728990566,88.53611429663609,88.9810058295107,87.39950258027523,59.89972473523536,59.504022659913915,61.595168074789726,29.38888379204893,90.82791141055046,0.05747563073394495,1.761467889908257,2092800.0
2026-01-21T13:14:01.261722+00:00,drone,0,drone/283.JPEG,90.3930743501529,78.23998297166823,78.23998297166823,2510.9120847069353,81.3417311735474,96.83735951834862,81.03630399464832,73.68811709247656,79.69202911638578,86.72519298455789,114.5393367737003,100.82997180810398,0.197618501529052,1.761467889908257,2092800.0
2026-01-21T13:14:01.263128+00:00,bird,1,bird/singleBirdinsky392.jpeg,126.04676587301587,25.763632842416367,25.763632842416367,662.0462704550107,115.65644841269841,128.01884920634922,143.03956349206348,30.793561996009828,24.800276053432704,19.440532599339164,53.88490079365079,143.7090873015873,0.04607142857142857,1.7857142857142858,50400.0
2026-01-21T13:14:01.264335+00:00,bird,1,bird/singleBirdinsky310.jpeg,138.8062568062568,34.26660014667782,34.26660014667782,117.45609048599246,107.88149688149689,145.34493614493616,186.21593901593903,45.14651280256944,32.29902114618436,18.73155996865621,110.8966636966637,186.36459756459757,0.014117414117414117,1.3282051282051281,50505.0
2026-01-21T13:14:01.280804+00:00,drone,0,drone/182.JPEG,89.07057820968835,47.21512787869456,47.21512787869456,512.1093758488188,84.77609777269647,95.67267001185637,66.42267953929539,45.23084753853796,51.0917155446556,38.20182678197419,77.37001926659892,97.14126439701897,0.14559514735772358,1.7344173441734418,944640.0
2026-01-21T13:14:01.282074+00:00,bird,1,bird/singleBirdinsky133.jpeg,162.87064942255972,25.267875453574856,25.267875453574856,41.77062467497843,178.10828982755893,163.70040341718084,118.45285556082898,32.10764313376629,24.458553382530514,20.650416871539893,83.44427305806043,178.9045839265939,0.00492406264831514,1.7916666666666667,50568.0
2026-01-21T13:14:01.283231+00:00,bird,1,bird/singleBirdinsky129.jpeg,183.48589870903675,26.767324894127057,26.767324894127057,691.6846529384674,181.76730883813306,183.5237537239325,187.93140019860974,27.014237957785745,26.7184634250615,26.57878175628414,9.356127110228401,187.97004965243298,0.015412115193644488,1.394736842105263,50350.0
2026-01-21T13:14:01.284385+00:00,bird,1,bird/singleBirdinsky152.jpeg,183.3438052657725,33.496031597233625,33.496031597233625,283.85672350783,183.3438052657725,183.3438052657725,183.3438052657725,33.496031597233625,33.496031597233625,33.496031597233625,0.0,183.3438052657725,0.013432687531048187,1.5027322404371584,50325.0
2026-01-21T13:14:01.285643+00:00,bird,1,bird/singleBirdinsky271.jpeg,186.04931942374566,29.236435355458347,29.236435355458347,270.8801594429057,186.04931942374566,186.04931942374566,186.04931942374566,29.236435355458347,29.236435355458347,29.236435355458347,0.0,186.04931942374566,0.015936413313462496,1.5027322404371584,50325.0
2026-01-21T13:14:01.286886+00:00,drone,0,drone/singleDronesinsky221.jpeg,116.59413810233482,41.47199948874469,41.47199948874469,527.7917107066364,62.739870839542974,130.68868355688028,185.37146547441628,57.858490483218894,37.64998727864564,30.49424491871977,175.84862394436166,185.49164431197218,0.043874813710879285,1.5027322404371584,50325.0
2026-01-21T13:14:01.300526+00:00,drone,0,drone/video14_119.JPEG,164.70373480902776,58.01280373770548,58.01280373770548,90.86184870045982,161.4581174045139,169.20558485243055,150.00774088541667,56.29327869574613,56.79704522417144,75.3136991229495,52.35074544270833,173.63117078993056,0.011778428819444445,1.7777777777777777,921600.0
2026-01-21T13:14:01.301892+00:00,bird,1,bird/singleBirdinsky31.jpeg,131.1225434674615,62.44502898387941,62.44502898387941,205.3317908807851,135.88272230501738,131.52351713859912,116.3648087431694,66.13203367757359,62.81387600465043,54.579708043192774,56.57704918032787,140.845782414307,0.03839046199701938,1.5027322404371584,50325.0
2026-01-21T13:14:01.309099+00:00,drone,0,drone/151.JPEG,117.98249583333333,52.17519323814223,52.17519323814223,76.07604583248263,109.47234583333334,121.73019791666667,120.96383541666667,46.14810439675429,52.80921589949204,67.19781474650976,72.69698541666666,128.77680833333332,0.010804166666666667,1.3333333333333333,480000.0
